YEAR	POP	AGE	BA	STI_NB	STI_BA	ASSYM	CANOPY_RATIO	UNDER_NB	OVER_NB	UNDER_BA	OVER_BA	UNDER_AGE	OVER_AGE	WATER_CONSUMED	WATER_NEEDED	WATER_CONSUMED_A	WATER_CONSUMED_B	WATER_CONSUMED_C	WATER_CONSUMED_D	WATER_CONSUMED_E	WATER_NEEDED_A	WATER_NEEDED_B	WATER_NEEDED_C	WATER_NEEDED_D	WATER_NEEDED_E	WATER_CONSUMED_INTOLERANT	WATER_NEEDED_INTOLERANT	WATER_CONSUMED_TOLERANT	WATER_NEEDED_TOLERANT	POP_A	POP_B	POP_C	POP_D	POP_E	POP_TOLERANT	POP_INTOLERANT
1	0	0	0	-nan	-nan	-nan	0	0	10	0	1.81928846	-nan	1	0.00235748291	0.0005605682664	0.0009231567383	0.001434326172	0	0	0	0.0002178563	0.0003427119664	0	0	0	0.001407623291	0.0003410738118	0.0009498596191	0.0002194944545	6	4	0	0	0	0	5	5
2	1	2	0.3952959382	0	0	0.8181381583	0	0	20	0	3.373116403	-nan	1.5	0.004135131836	0.0009981945213	0.001682281494	0.002452850342	0	0	0	0.0004132244188	0.0005849701025	0	0	0	0.002540588379	0.0006019215914	0.001594543457	0.0003962729299	13	7	0	0	0	0	10	10
3	2	3	0.9264888831	0	0	0.903294487	0	0	30	0	5.423509559	-nan	2	0.006797790527	0.001607071002	0.003009796143	0.003787994385	0	0	0	0.000713505904	0.0008935650977	0	0	0	0.003993988037	0.000943073769	0.00280380249	0.0006639972327	21	9	0	0	0	0	15	15
4	4	4	1.994164095	0.25	0.2016880919	0.9883065797	0	0	40	0	8.210995051	-nan	2.5	0.01031112671	0.002453796587	0.003288269043	0.007022857666	0	0	0	0.0007844954195	0.001669301167	0	0	0	0.005962371826	0.001423095858	0.004348754883	0.001030700729	23	17	0	0	0	0	20	20
5	7	4.857142857	3.679910616	0.1428571429	0.122457036	0.9704294649	0	0	49	0	11.22717369	-nan	3.020408163	0.0140914917	0.003371525695	0.003838416855	0.01025307484	0	0	0	0.0009222720451	0.00244925365	0	0	0	0.008269432266	0.00198310302	0.005822059433	0.001388422675	25	24	0	0	0	0	25	24
6	9	5.444444444	5.289177408	0.2222222222	0.1774125566	0.9713622482	0	0	59	0	15.05656235	-nan	3.508474576	0.01895141602	0.004542621195	0.004531841684	0.01330917499	0.001110399342	0	0	0.001094662774	0.00318829936	0.0002596590613	0	0	0.01136018712	0.002704268307	0.007591228891	0.001838352888	28	30	1	0	0	0	30	29
7	13	6	7.915326076	0.1538461538	0.1314589693	0.9696673361	0	0	69	0	19.62833808	-nan	4	0.02472305298	0.005961135558	0.005134348271	0.01609585598	0.003492848723	0	0	0.001232391123	0.003887567019	0.0008411774161	0	0	0.0148967912	0.003611591395	0.009826261778	0.002349544163	29	37	3	0	0	0	35	34
8	22	6.227272727	13.23625368	0.1818181818	0.1511035914	0.9607556452	0.001953125	1	77	0.04530471536	24.7183213	4	4.454545455	0.03123474121	0.007558100958	0.005233024937	0.02078556427	0.005216152008	0	0	0.00125481529	0.005057128854	0.001246156814	0	0	0.0193089839	0.004685015895	0.01192575731	0.002873085063	29	45	4	0	0	0	39	39
9	28	6.5	18.0909028	0.2142857143	0.1680627352	0.9578694426	0.005859375	3	84	0.2021018262	30.40430469	2.333333333	5.035714286	0.03840637207	0.009384839059	0.003593504927	0.02663806666	0.008174800488	0	0	0.0008953394103	0.006491845484	0.001997654165	0	0	0.0246123439	0.00604327006	0.01379402817	0.003341568999	23	58	6	0	0	0	43	44
10	36	7.444444444	24.58534755	0.2222222222	0.169767263	0.9663250845	0.005859375	0	95	0	37.41445947	-nan	5.505263158	0.04739379883	0.01153730294	0.003335867639	0.03263635084	0.01142158035	0	0	0.0007974051595	0.00787946861	0.002860429173	0	0	0.03108697699	0.007619434077	0.01630682184	0.003917868866	21	66	8	0	0	0	47	48
11	41	7.951219512	30.6739522	0.2195121951	0.1646001842	0.9588695267	0.01953125	0	104	0	44.61015268	-nan	5.961538462	0.0564994812	0.01383026566	0.003085661557	0.03264999454	0.02076382511	0	0	0.0007779325719	0.007928439718	0.005123893367	0	0	0.03745220279	0.00921295332	0.01904727841	0.004617312337	23	66	15	0	0	0	52	52
12	50	8.6	39.24806432	0.26	0.1818124371	0.9613442365	0.037109375	1	112	0.06384403988	53.08723714	6	6.473214286	0.06760025024	0.01661561048	0.003181791466	0.03634097469	0.02324279073	0.004834693357	0	0.0007990835885	0.008819760303	0.005770209286	0.001226557303	0	0.04515473287	0.0111826953	0.02244551738	0.005432915182	23	71	17	2	2	0	57	56
13	58	9.189655172	48.62527262	0.2931034483	0.1958484773	0.961118735	0.052734375	2	121	0.1797533773	63.15046667	6.5	6.950413223	0.08045196533	0.01988628633	0.003753964462	0.03708274216	0.0319036224	0.007711636304	0	0.0009474366757	0.009070555748	0.007867364825	0.002000929082	0	0.05433779006	0.01352578429	0.02611417528	0.006360502038	25	72	23	3	3	0	62	61
14	66	9.818181818	58.97955072	0.3333333333	0.2115840771	0.9553127982	0.08203125	3	130	0.3880327511	73.98671873	5.333333333	7.469230769	0.09464645386	0.02347869594	0.003913965859	0.04147456734	0.03576150453	0.01349641613	0	0.000985426359	0.01008248021	0.008962425157	0.003448364212	0	0.06443169311	0.01611788249	0.03021476075	0.007360813455	26	77	25	5	5	0	67	66
15	75	10.4	69.39221477	0.3733333333	0.2332527469	0.9558722533	0.1015625	3	138	0.3281881993	84.17782131	7.333333333	7.84057971	0.1071243286	0.02681619223	0.004062674484	0.04136776078	0.04429222838	0.01740166497	0	0.001036983722	0.01026573579	0.01101494798	0.004498524736	0	0.07284545676	0.0183588639	0.03427887185	0.008457328327	27	78	30	6	6	0	72	69
16	87	10.90804598	83.74984635	0.3908045977	0.2422694921	0.9483251227	0.125	3	148	0.2062157647	97.56226533	7.666666667	8.324324324	0.1245269775	0.03114962048	0.004279604846	0.04409029819	0.05186779407	0.02428928044	0	0.001097234052	0.01080237296	0.01303165569	0.006218357779	0	0.08544706309	0.02157116504	0.03907991445	0.009578455436	29	80	34	8	8	0	77	74
17	99	11.34343434	99.28708343	0.404040404	0.2476653529	0.9429151461	0.1484375	4	157	0.9875191908	110.9534904	7	8.840764331	0.1424827576	0.03587863929	0.005471114263	0.04686051178	0.05057460845	0.0350866244	0.004489898682	0.001407215251	0.01160994199	0.01286513712	0.008934030526	0.001062314409	0.0987706675	0.02505375675	0.04371209006	0.01082488255	35	80	33	12	12	1	82	79
18	105	11.92380952	113.2366442	0.4	0.2457689604	0.9432602498	0.17578125	11	157	1.888514645	123.949693	5.272727273	9.547770701	0.15990448	0.04053741027	0.004633901492	0.05166201126	0.04767910216	0.04335404993	0.01257541514	0.001296133806	0.0128889708	0.01214029624	0.01086769587	0.003344313546	0.111292875	0.0284311442	0.04861160496	0.01210626607	32	87	31	15	15	3	86	82
19	107	12.6728972	124.2500182	0.4112149533	0.2513239348	0.938876621	0.19140625	11	166	2.23344018	136.6046182	6	9.939759036	0.1772155762	0.04493928151	0.004367019266	0.05217103109	0.04799785935	0.05869091283	0.01398875363	0.001272583482	0.01323582614	0.01224000511	0.01464186878	0.003548997994	0.1230966929	0.03138434039	0.05411888325	0.01355494112	33	88	33	20	20	3	91	86
20	117	13.14529915	142.502909	0.4102564103	0.2505045006	0.9257892043	0.21484375	12	172	1.699643348	153.900224	5.083333333	10.59883721	0.1985244751	0.05060938991	0.004830131407	0.05104638629	0.05801252076	0.06057140927	0.02406402738	0.001337193882	0.01306653083	0.01475520392	0.01533471928	0.006115741992	0.1391322706	0.03564742828	0.05939220447	0.01496196162	34	86	39	20	20	5	95	89
21	121	13.82644628	158.3636764	0.4214876033	0.2513414373	0.9210614301	0.234375	11	180	2.044253028	170.493853	7.818181818	10.95555556	0.2207756042	0.05637910558	0.004682165026	0.04549845944	0.06698823409	0.07296723899	0.0306395067	0.001266418372	0.01159244346	0.01734422502	0.01843005024	0.007745968488	0.1554115157	0.03983048986	0.06536408857	0.01654861572	33	81	48	23	23	6	99	92
22	124	14.59677419	176.1393333	0.4193548387	0.246795378	0.9090317936	0.265625	9	190	1.871792484	190.112607	8.888888889	11.36315789	0.2450180054	0.06301306589	0.00504803413	0.04416414406	0.07255104958	0.06797514694	0.05527963067	0.001398252764	0.0114757386	0.01875713421	0.01744061481	0.01394132551	0.1739945361	0.04486774681	0.07102346927	0.01814531908	35	80	51	22	22	11	102	97
23	126	15.23809524	191.9350335	0.4206349206	0.2441773319	0.8930386933	0.30078125	15	191	3.037304799	206.0878343	8.2	11.91099476	0.2663841248	0.0689664639	0.004237863067	0.04004433656	0.0829738405	0.06226656919	0.07686151544	0.001246370211	0.0105236998	0.02163925739	0.01606318523	0.01949395126	0.1898274122	0.04930689609	0.07655671257	0.01965956781	34	79	58	20	20	15	106	100
24	134	15.63432836	213.0558084	0.4328358209	0.2447320449	0.8840405323	0.3359375	19	194	3.549612221	225.8739383	8.578947368	12.46391753	0.291267395	0.07600639365	0.004443782722	0.04081436232	0.08120114858	0.07293612602	0.09187197537	0.00133106582	0.01087866467	0.02135839624	0.0190442374	0.02339402952	0.2097787829	0.05488200672	0.08148861214	0.02112438693	37	79	56	24	24	17	108	105
25	136	16.28676471	226.6812841	0.4411764706	0.2483614511	0.8739154774	0.33203125	20	198	4.509237622	240.248616	9.35	12.93939394	0.3088874817	0.08142416311	0.004443266003	0.0411533509	0.08255490819	0.07097698582	0.1097589708	0.001382755345	0.01111224552	0.02175752354	0.01891132461	0.02826031409	0.2205485266	0.05835661534	0.08833895508	0.02306754777	37	81	56	24	24	20	113	105
26	143	16.73426573	248.8877998	0.4475524476	0.2483271289	0.8646123516	0.388671875	23	202	4.411222717	262.0096058	8.130434783	13.66336634	0.3348693848	0.08899687945	0.004068798094	0.04283009608	0.08131386123	0.06721760008	0.1394390293	0.001343823655	0.01156566857	0.02184856548	0.01820018113	0.03603864062	0.2405810146	0.06401900034	0.09428837014	0.02497787911	38	83	55	24	24	25	117	108
27	147	17.45578231	267.9693007	0.4489795918	0.247012783	0.8474087697	0.458984375	26	203	5.380620906	280.2052943	7.769230769	14.25615764	0.3581962585	0.09585850159	0.004593777269	0.04115364546	0.08586226367	0.06968399676	0.1569025754	0.001555807356	0.01128505522	0.0230565077	0.0189140429	0.04104708842	0.2579835929	0.06924825187	0.1002126657	0.02661024972	41	80	57	24	24	27	119	110
28	155	17.92258065	291.7828611	0.4516129032	0.2466674383	0.8324525226	0.51171875	33	204	6.938948422	302.2852898	8.090909091	14.8872549	0.3852462769	0.1042035726	0.004620035675	0.04414578573	0.08516807985	0.07227007295	0.1790423026	0.001596145904	0.01229612277	0.02312940863	0.01987143104	0.04731046425	0.2785598376	0.07547584707	0.1066864393	0.02872772551	40	86	56	25	25	30	123	114
29	156	18.44871795	308.687039	0.4551282051	0.2380406933	0.8027856829	0.552734375	34	206	6.937695459	319.200162	7.794117647	15.38349515	0.4037818909	0.1103462871	0.004348349317	0.04315689938	0.08532950473	0.0761401436	0.1948069938	0.001546213135	0.01200892427	0.02357018322	0.0215071953	0.05171377121	0.2967553934	0.0810245512	0.1070264975	0.02932173593	41	85	57	26	26	31	125	115
30	156	19.28205128	324.4830973	0.4487179487	0.2366719875	0.7883812762	0.58984375	39	208	8.735952945	335.1268492	7.897435897	16.05769231	0.4255981445	0.1167335637	0.004176940763	0.04345166735	0.08044470732	0.07712612873	0.2203987004	0.001593108799	0.01196977889	0.02290079192	0.02138315269	0.05888673139	0.3121290661	0.08561088058	0.1134690785	0.0311226831	45	84	56	27	27	35	129	118
31	158	19.72151899	341.0428808	0.4430379747	0.2319059688	0.781060677	0.599609375	36	216	9.623352103	352.2311302	9.527777778	16.18981481	0.4458847046	0.1232506177	0.005101781508	0.04011308916	0.07783325908	0.0868657809	0.2359707939	0.001886010996	0.0113041502	0.02203742004	0.02445388982	0.06356914663	0.3290793788	0.0906707452	0.1168053258	0.03257987248	50	79	56	31	31	36	131	121
32	158	20.58227848	361.4247463	0.4367088608	0.2265242404	0.7717631377	0.654296875	40	216	11.55394558	372.7255207	9.7	16.98148148	0.4707336426	0.1313195402	0.0052133225	0.03869887756	0.0817504767	0.08063235138	0.2644386144	0.001927635062	0.01117886472	0.02339920899	0.022864621	0.07194921041	0.3485967304	0.09694558574	0.1221369122	0.03437395444	51	78	58	29	29	40	135	121
33	156	21.62179487	381.3757539	0.4294871795	0.2218497571	0.7601849062	0.697265625	57	205	15.336652	391.6274469	9.824561404	18.11219512	0.4953994751	0.1395244406	0.005529331954	0.04056174664	0.07960499383	0.07985312337	0.2898502793	0.001974454691	0.01195553234	0.02323890909	0.02279122875	0.07956431569	0.3694234638	0.1036584097	0.1259760113	0.03586603083	51	83	56	29	29	43	137	125
34	161	22.39751553	405.1910431	0.4347826087	0.2230433291	0.7480717097	0.72265625	54	215	13.93724188	416.3410075	9.518518519	18.65581395	0.5196037292	0.1479916074	0.004924312678	0.03791037615	0.07798683857	0.09542410528	0.3033580966	0.001948212601	0.01133731458	0.02276041774	0.02783573509	0.08410992741	0.3889784048	0.1103438282	0.1306253244	0.03764777922	52	82	57	35	35	43	140	129
35	167	22.70658683	428.2690735	0.4371257485	0.2215875307	0.7348394973	0.75	58	217	14.71158501	438.0471271	9.517241379	19.48387097	0.543182373	0.1562091641	0.00462193539	0.03731806657	0.0751007286	0.08735249523	0.3387891473	0.00194827524	0.01136003492	0.0224857007	0.02508202694	0.09533312626	0.4076101436	0.1168289386	0.1355722295	0.03938022545	55	82	56	33	33	49	144	131
36	166	23.68674699	443.2651691	0.4397590361	0.2245691575	0.7253872196	0.79296875	65	214	15.74020665	453.0165361	9.430769231	20.44859813	0.5597267151	0.162118403	0.004118322261	0.03560690447	0.08068876323	0.09349945163	0.3458132735	0.001868244076	0.01101272869	0.02450077923	0.02702443357	0.09771221747	0.418802186	0.1207163411	0.1409245291	0.04140206197	55	82	60	34	34	48	148	131
37	167	24.28742515	462.0567997	0.4491017964	0.2238201963	0.7238543834	0.794921875	68	213	17.75696871	471.7102622	10.55882353	21.05164319	0.5798454285	0.1697317484	0.00396247623	0.03820439076	0.08256271136	0.09602852937	0.3590873207	0.001860424944	0.01170231091	0.02539397982	0.02830620704	0.1024688257	0.4334489349	0.1263078181	0.1463964936	0.04342393027	54	85	60	34	34	48	153	128
38	168	25.04166667	482.7101192	0.4464285714	0.2215720987	0.7107477998	0.818359375	77	210	20.44563115	491.5217275	11.68831169	21.78571429	0.6024703979	0.178007575	0.004825771054	0.0364191461	0.07833618911	0.09859386012	0.3842954316	0.002044075602	0.01149621253	0.02449962054	0.02948024423	0.1104874221	0.4514609202	0.1327462766	0.1510094778	0.04526129839	58	83	59	36	36	51	158	129
39	168	25.92261905	499.9900992	0.4345238095	0.217849281	0.6959308751	0.83984375	66	221	15.89845317	511.0978176	10.5	22.26696833	0.6165390015	0.1836520179	0.005405969128	0.03498458661	0.0716917326	0.09934007499	0.4051166381	0.002218803393	0.01134007969	0.0229997076	0.02949751409	0.1175959131	0.4665387201	0.1381752928	0.1500002814	0.04547672512	62	80	56	36	36	53	158	129
40	165	26.73333333	515.0215526	0.4242424242	0.2094175319	0.6865763472	0.859375	79	211	21.92787058	524.4485091	11.96202532	23.23696682	0.6348838806	0.1908451802	0.005613742131	0.03549266274	0.07494784099	0.09175102502	0.4270786097	0.002314047593	0.0115998064	0.02446054403	0.0276922679	0.1247785143	0.4839571695	0.1442820281	0.1509267111	0.04656315209	62	82	58	33	33	55	161	129
41	160	27.55625	527.8814389	0.40625	0.1993334209	0.6781684675	0.880859375	97	199	29.26688678	536.1383067	12.97938144	24.29145729	0.6511001587	0.1979156553	0.00567139728	0.03500843934	0.07942659778	0.07987262414	0.4511211002	0.00235564146	0.01165083217	0.02617816075	0.0247005593	0.1330304616	0.4998964214	0.1505127454	0.1512037372	0.04740290984	63	85	61	29	29	58	165	131
42	162	28.5308642	540.6488714	0.4197530864	0.2060333289	0.6633341039	0.892578125	89	212	25.3698646	551.0981952	12.01123596	24.66509434	0.6656684875	0.2020996451	0.00600211767	0.03474192367	0.07687844168	0.09041313657	0.457632868	0.002438946019	0.0117524355	0.02572902273	0.02752491971	0.1346543212	0.509171445	0.1530687946	0.1564970425	0.04903085047	65	88	60	32	32	56	169	132
43	158	29.66455696	555.2540455	0.417721519	0.2014982892	0.6531435925	0.919921875	96	208	27.74608271	566.2972929	12.80208333	25.37980769	0.6818580627	0.2086274178	0.005275142439	0.03612322637	0.0730981972	0.0969974547	0.470364042	0.002236256486	0.01237717755	0.02463926409	0.02981242568	0.139562294	0.5239313228	0.1588626635	0.1579267399	0.0497647543	64	93	57	34	34	56	171	133
44	156	29.96153846	558.6302686	0.4038461538	0.2001337494	0.6433322299	0.9296875	105	197	29.03503833	568.0044992	13.08571429	26.4822335	0.6818733215	0.2100060908	0.005375735037	0.03381839488	0.0708440474	0.08447607122	0.487359073	0.002331471856	0.01174469285	0.023811344	0.02647503146	0.1456435506	0.5223139697	0.1595541851	0.1595593518	0.05045190571	67	89	55	31	31	60	173	129
45	161	30.57142857	575.7558581	0.4223602484	0.1983830448	0.6354227646	0.9375	104	201	27.16465608	584.352263	12.83653846	27.31343284	0.6929473877	0.2154134637	0.005700070395	0.03343318378	0.07060239138	0.07385944529	0.5093522969	0.002455661933	0.01185095923	0.02413332613	0.02350083348	0.1534726829	0.5359464844	0.1649878964	0.1570009033	0.0504255673	70	89	55	28	28	63	177	128
46	164	31.73780488	594.5790378	0.4390243902	0.2035249915	0.6294632087	0.943359375	101	209	22.12326158	604.0989628	11.71287129	28.07177033	0.7050666809	0.2208984564	0.00640026844	0.03384297824	0.06324492955	0.0770345616	0.5245439431	0.002636941037	0.01216082569	0.02204021561	0.02455352673	0.1595069473	0.5464921437	0.169469002	0.1585745372	0.05142945435	75	90	51	30	30	64	181	129
47	161	32.32919255	607.2089162	0.4223602484	0.1956996417	0.6180792364	0.94921875	110	205	26.56872681	617.0486718	13.32727273	28.51707317	0.7195091248	0.2273218528	0.006232860173	0.03400595808	0.06313309464	0.0754209318	0.5407162801	0.00263387716	0.0122718472	0.02217523178	0.02474895321	0.1654919434	0.5590890083	0.1746041779	0.1604201165	0.05271767488	79	90	51	30	30	65	186	129
48	162	33.45679012	621.3890342	0.450617284	0.2001876994	0.6231902325	0.958984375	108	205	24.85117122	630.836823	12.87962963	29.6097561	0.7298927307	0.231793941	0.006235298855	0.03318724053	0.05528184705	0.08441276781	0.5507755765	0.002729655122	0.0122590002	0.01971095394	0.02795266314	0.1691416686	0.5698432665	0.1785261233	0.1600494642	0.05326781768	78	90	47	34	34	64	185	128
49	160	33.91875	631.4425792	0.43125	0.1895077931	0.6326491322	0.9765625	117	200	28.31013303	640.0240572	13.64957265	30.38	0.7376174927	0.2364762887	0.00666231368	0.03043307708	0.05443627424	0.08402148896	0.5620643387	0.002984951121	0.01162314793	0.01984262947	0.02814839946	0.1738771608	0.5814885184	0.1835134532	0.1561289743	0.05296283558	84	87	48	34	34	64	188	129
50	156	35.08974359	635.0377721	0.4423076923	0.1886001222	0.6345417758	0.98828125	126	192	34.51830738	642.5577997	14.61904762	31.59375	0.7440872192	0.2397651312	0.006866540153	0.02948100816	0.05662895487	0.08667324103	0.564437475	0.003016801548	0.01144230444	0.020233188	0.02948750427	0.1755853329	0.5857457709	0.1855357473	0.1583414484	0.05422938388	84	87	49	35	35	63	193	125
51	155	36.53548387	651.0954566	0.4451612903	0.1896546756	0.6377757158	0.998046875	132	188	34.3450344	657.844539	14.75	33.0212766	0.7552680969	0.2453124673	0.00745036754	0.02889681539	0.05636991508	0.08794105176	0.5746099472	0.003240226676	0.01151077525	0.0201992034	0.03022330461	0.1801389574	0.5953128337	0.1897723939	0.1599552632	0.05554007341	87	87	48	35	35	63	198	122
52	154	37.21428571	661.6945755	0.4350649351	0.1816574445	0.634478486	1	135	188	36.77786929	668.790566	15.20740741	33.83510638	0.7643508911	0.2502131522	0.00725681002	0.02876443595	0.05726803868	0.0901359648	0.5809256417	0.003164714335	0.01172423848	0.02035003528	0.03158909136	0.1833850728	0.6064193364	0.1947254436	0.1579315547	0.0554877086	87	90	48	36	36	62	202	121
53	150	38.31333333	675.2385581	0.4266666667	0.179585299	0.629416288	1	142	181	38.87096448	681.4045796	16.11267606	34.8121547	0.774646759	0.2555708083	0.007120220423	0.02848993015	0.05676604569	0.07054072275	0.61172984	0.003274796215	0.01159249177	0.02050722675	0.0255942349	0.1946020587	0.6162605425	0.1994478998	0.1583862165	0.05612290855	89	89	47	30	30	68	203	120
54	152	38.92105263	690.185533	0.4342105263	0.1789368242	0.6118850032	1	144	181	40.26977747	695.6004846	16.63888889	35.48066298	0.7843894958	0.2612537387	0.00701690222	0.02907777735	0.05028184187	0.07417713642	0.623835838	0.003238760874	0.01193344714	0.01875461485	0.02692519452	0.2004017213	0.6250530952	0.2039971069	0.1593364007	0.05725663187	89	92	43	32	32	69	206	119
55	147	40.02721088	688.8217911	0.4285714286	0.1778578606	0.611412377	1	144	185	42.93036956	696.3990871	17.25694444	35.45945946	0.7845726013	0.2625967096	0.007492236594	0.03003544588	0.05054687615	0.07016685301	0.6263311897	0.003444894403	0.01219403935	0.01916546523	0.02524597381	0.2025463368	0.623313661	0.2041981717	0.1612589404	0.05839853787	94	92	43	30	30	70	209	120
56	153	40.60784314	708.4928607	0.4379084967	0.180537098	0.6167944585	1	139	195	38.18889944	717.332779	16.38848921	36.1025641	0.7937049866	0.2684713822	0.007482192164	0.02960176909	0.04569916243	0.07431936539	0.6366024975	0.003510357283	0.01244440666	0.01767760854	0.02651082728	0.2083281825	0.6327779131	0.2093476155	0.1609270735	0.05912376673	96	95	40	32	32	71	212	122
57	155	41.07741935	724.6850719	0.4322580645	0.1792573628	0.6197103586	1	149	189	39.76686679	732.2817392	16.90604027	37.32275132	0.8027381897	0.2744754574	0.007572134528	0.02900516456	0.04708305761	0.06533896409	0.6537388689	0.003604787216	0.01251406685	0.01829075622	0.02369763523	0.2163682119	0.6405582915	0.2141757255	0.1621798982	0.06029973197	98	96	41	29	29	74	215	123
58	148	42.67567568	735.8982237	0.4054054054	0.1735709806	0.6268176626	1	163	177	45.37930376	742.4865972	17.30674847	39.5819209	0.8118858337	0.2802275828	0.007473936528	0.02911667365	0.04750515164	0.06221815399	0.6655719179	0.003578581441	0.01272614566	0.01863709917	0.02305490412	0.2222308524	0.6489903254	0.2189302382	0.1628955084	0.0612973446	99	97	41	28	28	75	218	122
59	151	43.46357616	736.8836954	0.417218543	0.1803266064	0.6020332493	1	152	188	41.03923357	744.2404845	17.14473684	39.22340426	0.8059768677	0.2793610611	0.007176791689	0.0303014326	0.04338521417	0.06814578432	0.6569676449	0.003474589278	0.01319651525	0.01676254546	0.02541748019	0.2205099309	0.6408474148	0.2173575895	0.1651294529	0.06200347161	98	100	37	31	31	74	220	120
60	154	44.31818182	737.2938339	0.4415584416	0.1858193398	0.5992024286	1	145	198	35.69315028	746.3002279	15.75172414	39.81818182	0.7939605713	0.2782060385	0.007699221216	0.02824134456	0.04405534251	0.07318045917	0.6407842038	0.003669088909	0.01235557608	0.01696744395	0.02716824926	0.2180456803	0.6302651696	0.2163264827	0.1636954017	0.06187955573	102	97	39	33	33	72	223	120
61	153	45.20261438	751.1546941	0.431372549	0.18234433	0.5985848229	1	156	195	39.17118774	759.5299493	16.49358974	40.72307692	0.8031578064	0.2842311192	0.007651136606	0.0284353809	0.04321410006	0.07578338695	0.6480738019	0.003884422427	0.01240915466	0.01693122366	0.02839069728	0.2226156211	0.6381316727	0.2211660916	0.1650261337	0.06306502754	108	98	39	34	34	72	228	123
62	150	46.12	763.0179556	0.4333333333	0.1787198501	0.6019043515	1	157	201	41.71338925	774.0969174	17.8343949	40.06965174	0.8120307922	0.2904002874	0.007768330031	0.02980562525	0.03584073443	0.07986876378	0.6587473387	0.004128341883	0.01283081986	0.01470350128	0.03041438716	0.2283232372	0.6458907411	0.2261328545	0.1661400511	0.06426743296	113	100	35	37	37	73	233	125
63	148	46.50675676	764.5938894	0.4256756757	0.1709441117	0.5934964623	1	157	197	43.07512045	774.80706	18.26751592	40.83248731	0.8158760071	0.2911778616	0.00822336617	0.02994569369	0.03612294718	0.07668635571	0.6648976443	0.004136492785	0.01274225427	0.01493276261	0.02872156786	0.230644784	0.6518357026	0.2281137394	0.1640403044	0.06306412217	115	98	35	34	34	72	235	119
64	146	47.54794521	774.5379779	0.4109589041	0.1697519693	0.5960580793	1	162	196	43.67543358	784.6758079	18.37037037	41.66836735	0.8208198547	0.2949593071	0.008996716363	0.02863738674	0.03737348827	0.07430217438	0.671510089	0.004499408286	0.01248511703	0.01544274747	0.02708642829	0.2354456061	0.6539616882	0.2310278356	0.1668581666	0.06393147156	121	96	36	32	32	73	238	120
65	145	48.57241379	788.5854154	0.4137931034	0.1696847228	0.5879098457	1	164	194	45.25848828	797.5285148	19.04268293	42.54123711	0.8285102844	0.3001747968	0.008240443916	0.02804392282	0.03566019127	0.06475323172	0.6918124947	0.004336635437	0.01254178722	0.01486682289	0.02492973761	0.2434998136	0.6621183758	0.2356021906	0.1663919086	0.06457260616	120	97	35	30	30	76	241	117
66	143	49.25174825	798.0465663	0.4195804196	0.1665926122	0.576012987	1	168	192	47.43874816	806.815765	19.77380952	42.94270833	0.8340263367	0.3043206086	0.008814018732	0.02875303483	0.03510238448	0.06257481628	0.6987820823	0.004630735513	0.01272789916	0.0144633736	0.02428492352	0.2482136768	0.6719386945	0.240615139	0.1620876421	0.06370546962	123	98	34	29	29	76	243	117
67	140	50.35	796.6372241	0.4142857143	0.163348698	0.5860083975	1	163	195	45.15867519	807.147643	19.14723926	43.41538462	0.8318786621	0.3036785287	0.008880896318	0.02940863682	0.03221600084	0.06306658701	0.6983065411	0.004751403675	0.01285070741	0.01311528704	0.02436905445	0.2485920761	0.6728698168	0.2402419302	0.1590088453	0.06343659845	124	99	31	29	29	75	245	113
68	140	50.97142857	810.8092585	0.4142857143	0.1615086773	0.5852210112	1	167	187	46.08387879	820.3065605	20.25748503	44.94117647	0.8385429382	0.3088051154	0.009397562206	0.02794047196	0.03184691337	0.05869373394	0.7106642568	0.004925387945	0.0125720244	0.01306876183	0.02265769877	0.2555812425	0.6790556501	0.2443076907	0.1594872881	0.06449742471	123	96	31	27	27	77	246	108
69	135	52.82222222	823.8480739	0.4	0.1596164684	0.6006394388	1	178	180	49.36635392	832.7911172	21.35393258	45.71666667	0.8455429077	0.3145020227	0.009528973167	0.0263409783	0.03379732747	0.05922370793	0.7166519209	0.00499427478	0.0121430374	0.01383781385	0.02312983151	0.2603970651	0.6855259553	0.2490198974	0.1600169525	0.06548212529	126	95	33	27	27	77	250	108
70	137	53.26277372	837.9358209	0.401459854	0.1572212019	0.5870607501	1	174	184	46.62227095	846.8707317	20.82758621	46.52717391	0.8517913818	0.3186101312	0.009076873835	0.02656062244	0.03285377745	0.05839360429	0.7249065038	0.004940177719	0.01241687963	0.01334919252	0.02267911904	0.2652247623	0.6937440531	0.2535473969	0.1580473288	0.06506273432	127	97	31	26	26	77	251	107
71	141	54.12765957	857.7766205	0.4184397163	0.1608977761	0.5822237022	1	172	189	42.14221451	867.3728424	20.65116279	47.05291005	0.8590126038	0.3243954282	0.009223431458	0.026399822	0.03376117468	0.05567621931	0.7339519563	0.004916852499	0.0124031387	0.01388513693	0.02200816715	0.2711821329	0.7008948742	0.258620247	0.1581177296	0.06577518121	128	98	32	25	25	78	251	110
72	144	54.57638889	865.3192328	0.4305555556	0.1634893152	0.590948655	1	172	190	39.21179068	875.2608169	20.63372093	47.85789474	0.8551101685	0.3262006723	0.009630958389	0.02686694118	0.03198163275	0.05526939055	0.7313612456	0.004901474919	0.01278482972	0.01353824631	0.02188411512	0.2730920062	0.696290428	0.2593989309	0.1588197405	0.06680174135	127	101	31	25	25	78	254	108
73	142	55.40140845	874.6372732	0.4295774648	0.1625682166	0.5736587904	1	175	190	42.9018131	884.3971213	20.39428571	49.06842105	0.8594017029	0.3308700312	0.009493222989	0.02739841643	0.03264510334	0.05698999009	0.73287497	0.005044735021	0.01266513845	0.01405707058	0.02230769306	0.2767953941	0.6999159522	0.2631546177	0.1594857506	0.06771541349	131	100	32	25	25	77	257	108
74	140	55.67142857	882.6191568	0.4071428571	0.1520935268	0.589908287	1	172	195	44.87284194	893.5957441	21.29069767	48.28205128	0.8645591736	0.3349356841	0.009664977194	0.02859628792	0.03053147481	0.05796007877	0.7378063549	0.005009325241	0.01326394928	0.01302371427	0.02286084499	0.2807778503	0.7092030154	0.2682771761	0.1553561582	0.06665850794	129	105	30	26	26	77	258	109
75	137	56.62773723	882.6024204	0.4087591241	0.1537534451	0.5889256763	1	185	182	49.85383137	891.0255803	22.87027027	49.58791209	0.8673629761	0.3358699478	0.01012295403	0.02693677163	0.03339599898	0.04791584594	0.7489914055	0.005158983355	0.01265230601	0.01377366776	0.01989272535	0.2843922653	0.7093045624	0.2685702663	0.1580584136	0.06729968145	131	102	32	23	23	79	259	108
76	141	57.73758865	901.3682152	0.4184397163	0.156036434	0.5845726058	1	173	194	42.4221089	911.2176563	21.47976879	49.69072165	0.872505188	0.3404793081	0.01026370968	0.02711415393	0.03136704055	0.04879280399	0.7549674798	0.005306969795	0.01284243676	0.01289096318	0.02014940153	0.2892895369	0.7160049521	0.2735012044	0.1565002359	0.06697810377	132	103	30	23	23	79	258	109
77	137	58.70072993	896.1376109	0.4233576642	0.1560827138	0.5942567232	1	163	203	41.40366151	908.0756493	22.15337423	48.73891626	0.8750801086	0.3390340521	0.01079147452	0.02693137104	0.02955057092	0.04304257675	0.7647641154	0.005640176509	0.01259126387	0.01192615909	0.0181272402	0.2907492124	0.7167847905	0.2709345959	0.1582953181	0.06809945615	138	99	28	21	21	80	263	103
78	134	60.1119403	909.1192391	0.4104477612	0.1534668206	0.5845837612	1	163	207	41.84868336	922.4165364	23.20858896	48.35748792	0.8795089722	0.3443682171	0.01088473186	0.02665941595	0.0306897701	0.03892740055	0.7723476537	0.005768955087	0.0127322978	0.01239898786	0.01667413447	0.2967938419	0.7232703189	0.2758617605	0.1562386532	0.06850645664	140	101	29	19	19	81	265	105
79	132	60.81818182	891.8033048	0.4166666667	0.157991168	0.5963421153	0.998046875	173	201	44.16342344	904.9221156	22.80924855	49.71144279	0.8625068665	0.3389268721	0.01145258459	0.02812046278	0.03212621796	0.03639184091	0.7544157602	0.00588848686	0.01295426784	0.01285755342	0.01585674871	0.2913698152	0.7036147595	0.2694252158	0.158892107	0.06950165626	142	104	30	18	18	80	268	106
80	139	61.25899281	910.2375479	0.4532374101	0.161161671	0.5898429405	0.984375	169	208	42.88462812	922.7761344	22.23668639	50.41346154	0.8687324524	0.3449235694	0.01166637193	0.02823016367	0.02881039015	0.03680763448	0.7632178922	0.005911438649	0.01323782211	0.01207168687	0.0163203162	0.2973823056	0.7090871927	0.2742541871	0.1596452597	0.07066938231	140	108	29	19	19	81	271	106
81	136	62.33088235	893.400767	0.4558823529	0.1684435687	0.5869629023	0.986328125	163	216	39.7684576	907.8789085	21.94478528	50.11111111	0.8566169739	0.3385936454	0.01184309686	0.02875233989	0.03091597923	0.03423252378	0.7508730341	0.005886622216	0.01319010768	0.01253890726	0.01553615869	0.2914418495	0.6917729248	0.2669098229	0.1648440491	0.07168382253	142	109	30	18	18	80	275	104
82	134	62.73880597	883.1706494	0.4626865672	0.168896544	0.5994747719	0.990234375	164	215	41.88398941	898.9520898	21.84756098	50.71627907	0.8599128723	0.3361534625	0.01158626634	0.03011326256	0.02984885179	0.03478964582	0.7535748458	0.005885861468	0.01381075137	0.01211670689	0.01586491179	0.288475231	0.6935171796	0.2638876666	0.1663956927	0.07226579589	140	114	29	18	18	78	277	102
83	133	63.68421053	874.3448544	0.4661654135	0.1718644199	0.6014314892	0.990234375	165	213	42.87812755	890.4655492	23.23030303	50.95774648	0.8577880859	0.3334978641	0.01200242737	0.02954264563	0.03214303479	0.03214716353	0.7519528146	0.005920642072	0.01360132209	0.01260145794	0.01506257999	0.2863118621	0.6890566617	0.2602971659	0.1687314242	0.07320069826	140	113	30	17	17	78	279	99
84	132	65.22727273	882.8448025	0.4772727273	0.1750871461	0.5932317067	0.9921875	154	224	40.14926939	900.1227842	22.50649351	51.13839286	0.8617553711	0.3360461047	0.01191996206	0.0300268333	0.03122174693	0.03259467103	0.7559921578	0.005899589225	0.0137324911	0.01247349111	0.01536002229	0.288580511	0.6929305752	0.2621037467	0.1688247959	0.07394235795	142	113	29	17	17	77	281	97
85	128	66.875	896.1390957	0.4609375	0.1740283345	0.5997381334	0.99609375	153	223	37.66193812	913.7488336	22.86928105	51.4573991	0.8644218445	0.3400815267	0.01247311335	0.02980625304	0.02677171637	0.02978363287	0.7655871289	0.006153006644	0.01346495469	0.0110034202	0.01405023314	0.295409912	0.6961091712	0.2658585785	0.1683126733	0.07422294822	145	111	25	16	16	79	282	94
86	130	67.25384615	907.5193725	0.4769230769	0.1748517561	0.5954390817	1	159	221	39.80513787	925.7259916	23.20754717	52.28506787	0.8689231873	0.3452046403	0.01273620099	0.02996493923	0.02445243927	0.02529344122	0.7764761665	0.006347959062	0.01349139445	0.01038423826	0.01152490451	0.3034561441	0.7006958658	0.2702481773	0.1682273215	0.07495646308	148	112	24	14	14	82	285	95
87	134	68.30597015	924.8595598	0.4925373134	0.1773764927	0.5940324175	1	167	215	39.54146581	939.7744216	22.94011976	54.09767442	0.8737678528	0.3502096776	0.01265231944	0.03031350292	0.023207931	0.02624077391	0.7813533255	0.006460140351	0.01374507705	0.009448291144	0.01236415831	0.3081920108	0.7053398642	0.2745926142	0.1684279886	0.07561706345	149	114	22	15	15	82	287	95
88	129	69.13178295	929.615573	0.4728682171	0.1692684801	0.5925902212	1	168	215	44.09933139	945.1645955	24.48809524	53.78139535	0.8764190674	0.3538291257	0.0122441944	0.03152194036	0.02335837121	0.0262714152	0.7830231462	0.00614865734	0.01451409315	0.009572867422	0.01258595417	0.3110075536	0.7125949872	0.2790820156	0.1638240801	0.07474711007	143	122	22	15	15	81	287	96
89	124	70.83870968	940.7171868	0.4596774194	0.1671237239	0.5893685767	1	193	191	49.94566234	953.5044212	25.4611399	57.69109948	0.8805618286	0.3589766073	0.01168009986	0.03147584568	0.02280051474	0.02786106626	0.7867443021	0.006092660067	0.01465631005	0.009038952061	0.01344779583	0.3157408893	0.7164942084	0.2831850835	0.1640676202	0.07579152376	141	125	21	16	16	81	289	95
90	128	70.625	931.6198429	0.4921875	0.1751133655	0.5822278196	1	183	207	45.62696849	946.5873616	25.07650273	55.57487923	0.8777542114	0.355005875	0.01226324765	0.03250944831	0.02297226064	0.02624523468	0.7837640201	0.006323169918	0.01508037419	0.00915915481	0.01254835777	0.3118948184	0.7114647106	0.2781428687	0.1662895008	0.07686300632	146	128	21	15	15	80	292	98
91	121	72.38016529	933.2759013	0.4876033058	0.1742696416	0.5788537236	1	185	208	49.95568958	949.8978357	24.62162162	55.99519231	0.8815193176	0.3577991962	0.01189825627	0.03372120649	0.02334677769	0.02534275859	0.7872103186	0.006198643577	0.01578389001	0.009279242859	0.01177115971	0.31476626	0.7136626209	0.2799618255	0.1678566967	0.07783737067	144	135	21	14	14	79	295	98
92	119	72.48739496	926.2750152	0.487394958	0.1742495869	0.5875223928	1	178	216	46.24601668	946.2623656	25.33146067	54.66203704	0.879650116	0.3552453794	0.01204015691	0.03579953837	0.0242967616	0.02560703231	0.7819066268	0.006197703678	0.01627729454	0.009402571775	0.01193960989	0.3114281995	0.7055082821	0.2762435531	0.1741418339	0.07900182626	146	138	21	14	14	75	300	94
93	121	72.71900826	938.9231395	0.5041322314	0.1743829384	0.5746810075	1	181	219	49.2919102	958.0159965	26.04972376	54.47031963	0.8844680786	0.3605809619	0.01219903736	0.03662025242	0.02444773267	0.0256435383	0.7855575179	0.006305246011	0.01671876372	0.009528963858	0.01210595723	0.3159220311	0.7097530264	0.2805983827	0.1747150522	0.07998257927	148	142	21	14	14	75	303	97
94	120	73.825	953.3552736	0.5	0.1750009644	0.5729736075	1	191	209	50.18248673	971.1850965	26.7591623	56.51674641	0.8887634277	0.3656955333	0.01210021103	0.03724552978	0.02461616985	0.02570378858	0.7890977285	0.006359207635	0.01697713692	0.009654786103	0.01226841249	0.3204359901	0.713447553	0.2846109762	0.1753158747	0.08108455704	148	142	21	14	14	75	306	94
95	113	75.5840708	953.7545584	0.4690265487	0.1634494578	0.5872090739	1	202	197	54.07107967	971.8909995	28.48019802	57.1928934	0.8905258179	0.3673942504	0.01217172458	0.03762119699	0.02197506205	0.02819230608	0.7905655282	0.006360110894	0.01728373811	0.008763919729	0.01306460631	0.3219218753	0.7215446976	0.288380174	0.1689811203	0.07901407636	148	143	19	15	15	74	306	93
96	117	76.24786325	972.172515	0.4871794872	0.1675883622	0.6012408358	1	200	197	47.64803228	989.1467141	28	58.65482234	0.894821167	0.3713200885	0.01207268612	0.03795136053	0.01864704	0.02701815929	0.799131921	0.006292432207	0.0175952156	0.007161491309	0.01276344645	0.327507503	0.7270945241	0.2923981137	0.1677266429	0.07892197479	146	145	16	15	15	75	306	91
97	117	76.65811966	977.8126462	0.4871794872	0.1641411315	0.5935018099	1	199	198	46.41426345	995.2679613	27.05025126	59.98989899	0.8990058899	0.3731055064	0.01198262709	0.03866110369	0.01873666034	0.02594079499	0.8036847038	0.006237121525	0.01795165482	0.007264638499	0.01175904742	0.3298930441	0.7320838742	0.2950357645	0.1669220157	0.07806974193	146	147	16	14	14	74	308	89
98	117	76.37606838	978.0904615	0.4871794872	0.161732427	0.5957103972	1	204	196	51.72634945	995.0105225	28.12254902	59.67857143	0.8991355896	0.374966153	0.0122220936	0.03893067144	0.01877983869	0.02342179308	0.8057811928	0.006291934736	0.01831325035	0.007373018926	0.01076370651	0.3322242425	0.7322453717	0.2959407219	0.1668902179	0.0790254311	148	149	16	13	13	74	309	91
99	114	77.48245614	989.271774	0.4736842105	0.1580179188	0.5940750252	1	210	191	55.39048038	1005.936498	30.22857143	59.78534031	0.9030532837	0.3802636821	0.01194011834	0.03982265754	0.01899832446	0.02348936816	0.8088028152	0.006189672369	0.01897843785	0.007479349783	0.01087520135	0.3367410208	0.7358901988	0.3001246508	0.1671630849	0.08013903138	144	154	16	13	13	74	313	88
100	114	78.98245614	979.8218147	0.4824561404	0.1636039901	0.5874121703	1	212	190	53.32159781	997.3870746	29.41509434	61.59473684	0.8845481873	0.3764540395	0.01171030307	0.04027238307	0.02001712824	0.02356177974	0.7889865931	0.006012227439	0.01928213163	0.00786861099	0.01099003319	0.3323010363	0.7160012212	0.2952553924	0.168546966	0.08119864715	141	158	17	13	13	73	315	87
101	117	79.23931624	971.8554036	0.5042735043	0.1676860431	0.5790017081	1	210	193	53.48811248	989.3752722	28.90952381	62.44559585	0.8747825623	0.3736888744	0.01190036046	0.0403002162	0.02166523449	0.01934500261	0.7815717485	0.00598257107	0.01925082208	0.008546522989	0.01007643622	0.329832522	0.7041871347	0.2913088653	0.1705954276	0.08238000911	140	160	19	12	12	72	319	84
102	117	80.65811966	940.6758363	0.5299145299	0.1800535831	0.5722987961	1	203	195	49.8148834	957.6462311	29.40394089	62.13333333	0.856086731	0.3609701155	0.01234858828	0.04060889161	0.01867681087	0.02366508667	0.7607873535	0.005900381378	0.01906374365	0.007692888283	0.01142016538	0.3168929368	0.6832413204	0.2776735874	0.1728454106	0.0832965281	138	158	18	14	14	70	321	77
103	115	80.33043478	948.9524685	0.5217391304	0.1779058661	0.5799063436	1	207	195	54.48852659	966.7920989	30.82125604	61.69230769	0.8605613708	0.3659786282	0.01247378964	0.04158981384	0.0187081398	0.02375256619	0.7640370614	0.005899411958	0.01960078593	0.007782983393	0.01154406498	0.321151382	0.6868638986	0.2815923891	0.1736974723	0.08438623909	138	162	18	14	14	70	324	78
104	113	81.73451327	949.6673862	0.5132743363	0.165437672	0.5811942657	1	198	201	54.52322181	968.7784274	32.16161616	60.71641791	0.8587837219	0.3666957401	0.0121696241	0.0422474737	0.01985178448	0.02387486313	0.7606399765	0.00574748594	0.01973358383	0.008152098232	0.01166890582	0.3213936663	0.6927839095	0.2854545914	0.1659998124	0.08124114876	133	164	19	14	14	69	323	76
105	117	81.78632479	954.9683445	0.5384615385	0.1734002943	0.5769604512	1	188	213	46.61132792	975.8143962	30.5	61.18779343	0.8606643677	0.366408373	0.01188239891	0.04024011554	0.02137350308	0.02349472445	0.7636736257	0.005755884121	0.01938432904	0.008184779646	0.01130247626	0.3217809039	0.6933888605	0.284013094	0.1672755072	0.082395279	134	164	20	14	14	69	327	74
106	113	81.32743363	956.4000853	0.5221238938	0.1634876726	0.5929692834	1	190	211	53.9560196	977.5752976	31.10526316	61.37914692	0.8647918701	0.3697106534	0.01151270344	0.04066341806	0.02218630084	0.02353864112	0.7668908067	0.005651310134	0.01939054595	0.008870579917	0.01142062186	0.3243775956	0.697766387	0.2880925768	0.1670254831	0.08161807663	130	167	22	14	14	68	327	74
107	113	82.7079646	970.5319568	0.5221238938	0.1646294579	0.5860327397	1	203	197	56.09275725	988.2316317	32.2364532	63.52284264	0.8677215576	0.3743279968	0.01124967353	0.0403633133	0.02102169463	0.02490906106	0.7701778151	0.005655248894	0.0195166725	0.008350831013	0.01218010321	0.3286251412	0.7011836768	0.2919679526	0.1665378808	0.08236004421	130	166	21	15	15	68	325	75
108	113	82.90265487	979.4384391	0.5221238938	0.1612331612	0.5744965467	1	206	194	57.69251422	996.658528	31.80097087	64.85051546	0.8710289001	0.3779563392	0.01108336863	0.04055689882	0.02112726944	0.02263004499	0.7756313183	0.005701124839	0.01958878697	0.008453436805	0.01131536196	0.3328976286	0.706865295	0.2958995289	0.1641636052	0.08205681024	132	165	21	14	14	68	323	77
109	116	82.59482759	986.4209151	0.5344827586	0.1643705123	0.6054639215	1	194	210	51.42100844	1006.963139	30.95876289	63.15714286	0.866519928	0.3794532822	0.01108614571	0.04130183503	0.02052099725	0.02349062407	0.7701203259	0.005746537951	0.02006820896	0.008040763136	0.01144248214	0.33415529	0.7024521317	0.2968511747	0.1640677963	0.08260210752	135	168	20	14	14	67	326	78
110	119	82.60504202	995.4592076	0.5462184874	0.1611850145	0.5819598954	1	203	203	58.68005769	1012.63785	32.18226601	64.38423645	0.8703651428	0.3841413672	0.01145307476	0.04142123678	0.01816756596	0.02613319868	0.7731900666	0.005844716758	0.02017987615	0.007497847051	0.01221201349	0.3384069138	0.7060514881	0.3007196714	0.1643136547	0.08342169586	138	167	19	15	15	67	327	79
111	115	84.16521739	1004.000607	0.5391304348	0.1584026883	0.5645826153	1	212	198	63.24271173	1021.489194	31.99056604	66.17676768	0.8740196228	0.3890286036	0.01175568328	0.04078175878	0.01873079978	0.02621274866	0.7765386323	0.006102072774	0.02004342731	0.007873493555	0.01235020974	0.3426594002	0.7097994114	0.3047691602	0.1642202114	0.08425944341	143	165	20	15	15	67	328	82
112	117	85.1965812	988.80146	0.5641025641	0.1726293048	0.5616408858	1	202	208	52.49531591	1008.000606	31.73762376	65.28846154	0.8709373474	0.3802861406	0.0123958638	0.03909852657	0.02172989664	0.02623250044	0.77148056	0.006245870542	0.01934134535	0.008804450419	0.01135310998	0.3345413643	0.7000480963	0.2950599505	0.1708892511	0.08522619003	146	161	23	14	14	66	331	79
113	117	83.52991453	975.7023513	0.5641025641	0.1662436466	0.5714805172	1	191	214	51.36872274	996.3694304	33.45549738	62.8271028	0.8684272766	0.3756888056	0.01221446188	0.04112193402	0.01996484485	0.02631446607	0.7688115698	0.006240301011	0.01963209667	0.008168691197	0.01148325729	0.3301644595	0.7055055895	0.2932215593	0.1629216871	0.08246724628	143	163	21	14	14	64	327	78
114	124	84.7016129	994.9453452	0.5887096774	0.1722061781	0.56232588	1	182	226	44.38045668	1016.598141	30.77472527	64.25221239	0.8720550537	0.3804897191	0.01212864042	0.04184825595	0.02004087829	0.02650766181	0.7715296172	0.006195112595	0.02012648646	0.008270525563	0.01162307312	0.3342745213	0.708091869	0.2968809168	0.1639631848	0.08360880223	142	167	21	14	14	64	330	78
115	125	84.912	1005.245401	0.592	0.1710777709	0.5731951586	1	177	235	45.83879458	1028.409311	31.31638418	63.21702128	0.8751792908	0.3852986907	0.01188113621	0.04122247894	0.02129883265	0.02666925152	0.7741075914	0.006308101737	0.02019694729	0.008661994701	0.01177079293	0.338360854	0.7110119571	0.3006884593	0.1641673337	0.08461023135	144	168	22	14	14	64	332	80
116	123	84.61788618	999.4574892	0.6016260163	0.1672852915	0.5791936617	1	190	225	51.92306299	1021.213576	31.09473684	65.09333333	0.872428894	0.3849366175	0.01254366656	0.04185438729	0.02150577956	0.02666976304	0.7698552976	0.00657073842	0.02051605553	0.008796286668	0.01191763564	0.3371359012	0.7077150468	0.301200088	0.1647138472	0.08373652952	149	168	22	14	14	62	334	81
117	124	85.66935484	1013.945611	0.6129032258	0.1700853032	0.5773202253	1	189	225	49.49408178	1035.519684	30.83068783	65.85777778	0.8752975464	0.3892601944	0.01167533007	0.04152453608	0.02227568376	0.0231639796	0.7766580169	0.006279547398	0.02055619516	0.009220383622	0.01097076575	0.3422333025	0.7111002237	0.3048557178	0.1641973226	0.08440447667	145	170	23	13	13	63	333	81
118	122	86.8852459	1001.161418	0.606557377	0.1751090983	0.566307134	1	181	231	43.51371205	1025.576735	32.00552486	64.62337662	0.85414505	0.38357651	0.01190346142	0.04503256025	0.02311084521	0.02071561566	0.7533825675	0.006268704534	0.02088228361	0.009369279454	0.01025070033	0.3368055421	0.6860382912	0.298046919	0.1681067589	0.08552959099	144	171	23	12	12	62	334	78
119	120	87.35833333	986.0395564	0.6083333333	0.1728945969	0.5588727582	1	177	229	45.84318658	1009.735148	34.1299435	63.930131	0.8535919189	0.3788399612	0.01110012065	0.04656460395	0.02138660883	0.02314740054	0.751393185	0.005869102117	0.02159003694	0.008915087697	0.01097866908	0.3314870653	0.687742296	0.2944388579	0.1658496229	0.08440110328	134	177	22	13	13	60	333	73
120	118	87.51694915	993.5553406	0.593220339	0.169390842	0.5555791619	1	190	217	48.99550811	1015.386826	35.43684211	64.62211982	0.8556213379	0.3820586538	0.01105250993	0.04565835252	0.0227751743	0.02113798546	0.7549973157	0.005903914471	0.02132861767	0.009360026082	0.01026231746	0.3352037781	0.6913633994	0.2978107763	0.1642579385	0.0842478775	134	178	23	12	12	60	331	76
121	122	88.13114754	966.4398437	0.6229508197	0.1794388441	0.5323840091	1	180	231	41.52661504	989.7866272	32.78888889	64.34199134	0.8455734253	0.370148978	0.01225580395	0.0471383089	0.02416384239	0.01944668917	0.7425687809	0.006184512867	0.021860863	0.009566379112	0.008601573838	0.3239356492	0.6799060028	0.2864361468	0.1656674225	0.08371283123	139	181	23	10	10	58	333	78
122	113	89.17699115	964.7825325	0.592920354	0.1687272055	0.5278538582	1	194	216	47.5135696	986.9560668	34.79381443	65.25925926	0.8485374451	0.3713362347	0.01178965362	0.04842687144	0.02431339514	0.0199544581	0.7440530668	0.00609963744	0.02245653961	0.009448000247	0.00870417927	0.3246278781	0.686502164	0.2896568022	0.1620352811	0.0816794325	136	185	22	10	10	57	334	76
123	110	91.53636364	973.3952326	0.5909090909	0.1677291734	0.5389130596	1	193	221	48.41801925	997.7728928	34.87046632	65.32126697	0.852191925	0.3755813281	0.0117691602	0.05000974672	0.02258957448	0.02139651126	0.7464269324	0.006022061205	0.02326961755	0.008707493616	0.009432735137	0.3281494206	0.6889288471	0.2928278834	0.163263078	0.08275344467	135	191	20	11	11	57	337	77
124	107	92.85981308	979.1692436	0.5794392523	0.1634002166	0.5542586854	1	198	219	54.19792105	1003.94615	36.60606061	64.88127854	0.8547821045	0.3798893562	0.01178747411	0.0496968246	0.02294819059	0.02157231224	0.748777303	0.006159130682	0.02361212937	0.008870024797	0.009562084029	0.3316859873	0.691552563	0.2961730005	0.1632295415	0.08371635565	137	192	20	11	11	57	340	77
125	114	91.88596491	995.5922762	0.5964912281	0.167609547	0.5707091284	1	200	219	50.74587537	1018.744108	36.36	65.49771689	0.8581886292	0.3839719725	0.01151888289	0.04993136	0.02322801275	0.0217626014	0.7517477721	0.006144378437	0.02386024474	0.009031039803	0.009691494186	0.3352448153	0.6952012049	0.2996954543	0.1629874242	0.08427651813	137	194	20	11	11	57	339	80
126	119	90.7394958	1009.284235	0.6134453782	0.1697529536	0.5479960731	1	198	223	48.98575328	1032.362811	35.22222222	66.77130045	0.8612327576	0.3882653455	0.01203727372	0.04956555613	0.02348959602	0.02189954183	0.7542407899	0.006576174649	0.023850077	0.009194841161	0.009819798991	0.3388244537	0.6979524872	0.3029954932	0.1632802704	0.08526985226	143	190	20	11	11	57	341	80
127	115	92.84347826	1010.755264	0.6	0.1617169832	0.5538203023	1	205	222	58.27682382	1034.614277	35.41463415	66.83333333	0.8652000427	0.3924066398	0.01125659008	0.0504928905	0.0218044296	0.02392110622	0.7577250263	0.006454494787	0.02421519206	0.008741241034	0.01057154321	0.3424241687	0.7018142194	0.3064273582	0.1633858234	0.08597928161	144	195	19	12	12	57	344	83
128	113	94.54867257	970.2814703	0.6017699115	0.165312676	0.5466899851	1	192	229	52.07958471	996.7438783	35.01041667	66.19650655	0.8349838257	0.3764944581	0.01116328173	0.05395447525	0.02207943231	0.02148900986	0.7262976265	0.006215735649	0.02412334908	0.008876194046	0.008498510874	0.3287806684	0.6703749352	0.2931830813	0.1646088905	0.0833113768	137	197	20	10	10	57	340	81
129	114	93.07894737	982.3948847	0.5964912281	0.1657916479	0.5595191415	1	196	229	52.03701229	1009.345099	36.07653061	65.89956332	0.8387260437	0.3809857471	0.01098473525	0.0546695212	0.01999318526	0.02403604016	0.7290425618	0.00615913558	0.02484557472	0.008366635275	0.00930860146	0.3323058001	0.6738608007	0.2967211352	0.164865243	0.08426461192	136	202	19	11	11	57	343	82
130	120	91.20833333	961.7703493	0.6166666667	0.1675396747	0.5318363635	1	189	234	46.30283689	988.1104731	34.66666667	66.61538462	0.8288612366	0.3712488509	0.01107844631	0.05579656567	0.0174943983	0.02646241121	0.7180294151	0.006109842473	0.02514780214	0.007281793159	0.01013626733	0.3225731458	0.6653090196	0.2898380788	0.163552217	0.08141077213	137	202	17	12	12	55	342	81
131	114	94.00877193	966.9923534	0.5964912281	0.1625568749	0.5433732958	1	191	228	52.96241596	992.3429331	37.85863874	66.25	0.8327140808	0.375179189	0.01057773758	0.05409765928	0.01993032828	0.02687621192	0.7212321437	0.005796245504	0.02475669443	0.008245594264	0.01034305694	0.3260375979	0.6688749753	0.2930285804	0.1638391055	0.08215060864	131	201	20	12	12	55	341	78
132	107	92.31775701	905.74734	0.5887850467	0.1611985222	0.5461521403	1	190	230	58.35530539	933.7113398	37.71578947	65.42173913	0.8183479309	0.356065522	0.01147026565	0.05611796901	0.02088984975	0.02736256264	0.7025072839	0.005989808583	0.02509512987	0.008699821361	0.01054817961	0.3057325826	0.6581678151	0.2752061432	0.1601801158	0.0808593788	133	203	21	12	12	51	343	77
133	112	93.70535714	916.6653597	0.6071428571	0.1617503026	0.5267800831	1	185	234	51.5853344	944.2034255	36.47027027	65.84188034	0.8227958679	0.3573971152	0.01144762746	0.05439197811	0.02217429314	0.02444288927	0.7103390799	0.005885035799	0.02503344321	0.009154060953	0.009694059403	0.3076305158	0.6652863318	0.2783208136	0.1575095361	0.07907630152	134	201	22	11	11	51	340	79
134	109	94.43119266	924.2975555	0.5779816514	0.1583764848	0.5408261911	1	184	238	55.07043631	952.8859946	37.92934783	65.34033613	0.8272018433	0.3617786579	0.01051537485	0.0562937822	0.02254182855	0.02073277412	0.7171180835	0.005507732868	0.02614864688	0.009349282413	0.008696170668	0.3120768251	0.6683825247	0.2814477644	0.1588193186	0.08033089359	127	211	22	10	10	52	344	78
135	114	93.35964912	940.2975403	0.6052631579	0.1637619967	0.5472498121	1	195	229	53.93393036	965.5290273	37.57948718	67.72489083	0.8315925598	0.3659436267	0.0103953983	0.05703668468	0.02309095445	0.02092287649	0.7201466459	0.005486302494	0.02639207004	0.009819628749	0.008803745823	0.3154418795	0.6717110723	0.2844932965	0.1598814876	0.08145033019	127	212	23	10	10	52	346	78
136	116	93.5	954.3743922	0.6034482759	0.1664051031	0.5691773537	1	193	231	51.54727736	979.7480539	38.2642487	67.77056277	0.8365478516	0.3701989475	0.01007815023	0.05714795745	0.0237806984	0.02186079684	0.7236802486	0.005387572967	0.02679249478	0.009644316851	0.009553636608	0.3188209263	0.6761972924	0.2879615283	0.1603505592	0.08223741926	124	214	23	11	11	52	344	80
137	114	94.04385965	958.7593314	0.5964912281	0.1609842943	0.5575275947	1	206	222	56.84705895	982.9685322	38.84466019	68.81531532	0.8419342041	0.3732849648	0.01013384563	0.05591402378	0.02681479773	0.01881223003	0.7302593069	0.005469178049	0.0267987116	0.01065713935	0.00853569042	0.3218242453	0.6818513689	0.2915179238	0.1600828352	0.08176704094	125	215	26	10	10	52	346	82
138	111	95.77477477	966.2305472	0.5855855856	0.1583123478	0.545109332	1	218	207	62.25941513	987.8233633	39.82568807	71.49758454	0.8468055725	0.3769952567	0.01041831273	0.05450936209	0.02828504726	0.01884642777	0.7347464227	0.005659091925	0.02627176573	0.01118779206	0.008640034421	0.3252365726	0.6857541507	0.2943740299	0.1610514218	0.08262122678	128	208	27	10	10	52	346	79
139	113	97.82300885	978.0859473	0.6017699115	0.1604965404	0.5447588028	1	210	214	58.88164504	1001.68005	39.5047619	71.81775701	0.852191925	0.3807868984	0.01017807791	0.05387417586	0.03000375612	0.0177048541	0.7404310611	0.005610112258	0.02583818025	0.0119173568	0.007607038908	0.3298142102	0.6898483603	0.2971076059	0.1623435648	0.08367929253	127	206	29	9	9	53	346	78
140	113	97.36283186	956.1600282	0.610619469	0.1642686234	0.5465299105	1	206	220	59.53477133	980.4433131	39.5776699	70.49090909	0.8492164612	0.3733798697	0.01087103407	0.05297932451	0.02759920203	0.02065102689	0.7371158737	0.005768117073	0.02557851926	0.01090585967	0.008977047936	0.3221503258	0.6859899106	0.2894298045	0.1632265506	0.08395006522	132	203	28	11	11	52	345	81
141	116	97.64655172	965.2545829	0.6206896552	0.1631204653	0.5419088364	1	205	221	62.12356129	988.7932751	39.08292683	71.74208145	0.8540802002	0.3773562386	0.01064807529	0.05260966555	0.02775675301	0.02155394696	0.7415117594	0.005645160396	0.02564811831	0.01075863316	0.009753536236	0.3255507905	0.6907500446	0.2925402394	0.1633301556	0.08481599917	131	203	28	12	12	52	346	80
142	118	96.31355932	975.2374216	0.6101694915	0.1618748258	0.5290174013	1	203	223	60.66056537	999.1566746	39.54679803	71.65919283	0.8591995239	0.3806222211	0.01141773493	0.05295610327	0.02807290059	0.02042287864	0.7463299065	0.005852338334	0.02580578614	0.01095315463	0.009078840325	0.3289321017	0.696419982	0.2957181005	0.162779542	0.08490412065	134	201	28	11	11	52	347	79
143	117	97.82051282	989.6754843	0.6068376068	0.1659792558	0.5559785729	1	208	220	56.32926293	1012.976806	40.64423077	71.72727273	0.8636245728	0.3841369249	0.0112454836	0.05409225281	0.02674824575	0.02059670248	0.7509418881	0.005792648324	0.02642533716	0.01040167986	0.009218109879	0.3322991496	0.7004012586	0.2985485816	0.1632233142	0.08558834322	134	205	26	11	11	52	349	79
144	122	99.23770492	963.1488034	0.6393442623	0.1772431051	0.5203030687	1	209	217	53.4945767	985.7319589	38.06698565	75.86635945	0.8296432495	0.3732830401	0.01224585174	0.05604280969	0.02863797114	0.02076252247	0.7119540945	0.005801794112	0.02648202538	0.01083542231	0.009352694659	0.3208111036	0.6613259767	0.286624609	0.1683172729	0.08665843107	132	205	27	11	11	51	353	73
145	116	99.77586207	960.4412842	0.6206896552	0.1662413966	0.5299013991	1	207	219	59.96115647	984.1984912	39.75845411	74.21917808	0.8334121704	0.3750863943	0.01185878833	0.05589183632	0.0297098589	0.01514461118	0.7208070757	0.005809566037	0.02643245314	0.01128685838	0.007228735832	0.3243287809	0.6673898787	0.2895890076	0.1660222917	0.08549738669	133	204	28	9	9	52	354	72
146	117	99.29059829	941.1297386	0.6324786325	0.1727966084	0.5411433176	1	203	225	57.77810361	967.0645923	40.50246305	72.94666667	0.8378829956	0.3681384266	0.01205861686	0.05654563154	0.03047998023	0.01523353299	0.723565234	0.005781599361	0.02667818126	0.01179930584	0.007323955181	0.316555385	0.6645811849	0.2814485173	0.1733018107	0.08668990938	133	206	29	9	9	51	357	71
147	118	99.6779661	926.6881554	0.6525423729	0.1757756947	0.5231326274	1	197	231	60.07442172	953.3400623	41.35532995	72.31168831	0.8393363953	0.3640928334	0.01176647216	0.05831329911	0.03081017096	0.01300559927	0.7254408538	0.005664151138	0.02744011572	0.01202862077	0.006559084534	0.3124008612	0.6633769575	0.2763069487	0.1759594377	0.08778588465	130	211	29	8	8	50	358	70
148	119	100.2941176	940.6378272	0.6554621849	0.1798215041	0.5327889978	1	201	230	57.84304051	965.5310505	41.71144279	72.91304348	0.8435058594	0.3677000185	0.01192642926	0.0579182574	0.02961137039	0.01488593983	0.7291638625	0.005682037906	0.02784647527	0.0114098056	0.00724967722	0.3155120225	0.6674614341	0.279263558	0.1760444252	0.08843646045	130	214	28	9	9	50	361	70
149	116	99.64655172	949.1719223	0.6465517241	0.1789860211	0.5428675543	1	214	217	61.02620941	972.2777775	42.79439252	74.00921659	0.8474655151	0.3713155474	0.01157521053	0.05815364004	0.02995853535	0.01503317673	0.7327449525	0.00543091136	0.028295811	0.01160570932	0.007347428016	0.3186356877	0.6708034413	0.2822115849	0.1766620739	0.08910396259	127	217	28	9	9	50	358	73
150	126	98.73015873	921.6679647	0.6825396825	0.1916003037	0.5472536629	1	196	237	52.84892051	946.7541391	40.67857143	72.28691983	0.8391456604	0.3591283385	0.01187937813	0.05892006142	0.02891797718	0.01512227987	0.7243059638	0.005556318663	0.02829563611	0.01143539162	0.007265088322	0.3065759038	0.6623053095	0.2700292052	0.1768403509	0.0890991333	131	216	28	9	9	49	358	75
151	121	99.96694215	926.9227316	0.6694214876	0.1880026116	0.5353035921	1	186	243	52.5165135	955.2356706	42.61290323	71.52263374	0.8421134949	0.362093711	0.01137501049	0.05922426347	0.02579391625	0.01746862175	0.7282516829	0.005455495944	0.02835098404	0.01064507362	0.007992687288	0.3096494701	0.6657405518	0.2725056148	0.176372943	0.0895880962	129	215	26	10	10	49	358	71
152	115	104.1217391	931.0306091	0.6434782609	0.1830700264	0.5346084327	1	188	238	57.64646832	959.7759546	42.03723404	73.95378151	0.8453102112	0.3656001126	0.01109814449	0.05859549809	0.02615866516	0.01753377461	0.7319241288	0.005438272176	0.02854448461	0.01081485215	0.008072417749	0.312730086	0.6692212499	0.2753193793	0.1760889612	0.09028073339	126	215	26	10	10	49	358	68
153	114	103.7894737	934.7979232	0.6403508772	0.1783214558	0.538056691	1	200	231	66.70804539	961.248964	44.01	73.65367965	0.848941803	0.3694069151	0.01132699579	0.0592214266	0.0263580386	0.01762457171	0.7344107703	0.005695331624	0.02877880422	0.01097679188	0.008153915958	0.3158020714	0.6719345907	0.2780596467	0.1770072123	0.09134726841	132	214	26	10	10	49	361	70
154	117	102.8547009	946.6967212	0.6324786325	0.1798910066	0.5539216167	1	203	231	65.39990517	971.6887304	44.08866995	73.59307359	0.8510971069	0.3727152017	0.01105073917	0.05929893271	0.0271761431	0.01550106459	0.7380702274	0.005566530057	0.02927519139	0.01141601133	0.00758239349	0.3188750755	0.6760229849	0.2810382237	0.175074122	0.09167697807	130	219	27	9	9	49	362	72
155	130	101.3	912.2337154	0.6692307692	0.1967222424	0.5470709698	1	206	226	61.54644508	933.3019475	42.0776699	76.47345133	0.8500289917	0.3574894145	0.01099535464	0.06164839985	0.02866276428	0.01567569399	0.7330467789	0.005539738259	0.02910884317	0.01185214838	0.007659340823	0.3033293438	0.6690876697	0.2650564774	0.180941322	0.09243293703	131	216	28	9	9	48	364	68
156	131	102.7938931	925.4838995	0.6717557252	0.2003981592	0.5414651581	1	209	221	58.0072182	945.995329	40.33492823	79.41628959	0.8544273376	0.3608334025	0.01041622457	0.06187602173	0.02676011826	0.0177442459	0.7376307272	0.005479822724	0.0293318632	0.01138034436	0.008384115645	0.3062572566	0.6731565126	0.2676560222	0.1812708251	0.09317738037	130	215	27	10	10	48	363	67
157	122	106.3032787	927.0141701	0.6721311475	0.1967616447	0.5261847493	1	217	217	64.34182781	948.2905521	41.21658986	79.44700461	0.8583984375	0.3639890012	0.009931067561	0.06212951718	0.02639961371	0.0130997876	0.7468384514	0.005358660501	0.0297626704	0.01120483049	0.006231350411	0.3114314894	0.6764524085	0.2698777598	0.181946029	0.09411124143	130	219	27	8	8	50	364	70
158	120	107.4	932.2280149	0.6666666667	0.1939755942	0.541503529	1	224	207	70.37859029	951.0629426	43.26339286	80.03864734	0.8624153137	0.3672163496	0.009291529573	0.06262271068	0.0265618755	0.01324905356	0.7506901444	0.005070002626	0.03013709372	0.01133550923	0.006317825001	0.314355919	0.6800539418	0.2722856063	0.1823613719	0.09493074333	124	222	27	8	8	50	361	70
159	120	108.5333333	940.0792444	0.675	0.1959505455	0.5365395632	1	214	220	65.34146437	963.9130008	41.85046729	79.42727273	0.866569519	0.3700781396	0.009119221805	0.06189985564	0.02850384962	0.01200173779	0.7550448542	0.005063119781	0.03021862139	0.01202935603	0.005493899449	0.317273143	0.6829710988	0.2741212073	0.1835984203	0.09595693228	124	224	29	7	7	50	363	71
160	124	108.7741935	940.4533747	0.6935483871	0.189421768	0.5388849928	1	227	211	67.43360729	961.1857337	40.25550661	83.00947867	0.8706703186	0.3698743409	0.009751274673	0.06065489534	0.03079492893	0.01203322005	0.7574359996	0.005384884284	0.02999571831	0.0127399116	0.005562632075	0.3161911946	0.6910755215	0.2767062714	0.1795947971	0.0931680695	130	221	31	7	7	49	365	73
161	121	108.3140496	945.6855956	0.6859504132	0.1863884869	0.5267827332	1	236	202	70.23021492	965.2489898	42.54237288	83.45544554	0.8747329712	0.37236873	0.009407088334	0.06139618804	0.02898619399	0.0133450905	0.7615984103	0.005092854172	0.03037073881	0.01251811921	0.005321380097	0.3190656377	0.6947792251	0.2791883215	0.1799537461	0.09318040851	127	224	31	7	7	49	365	73
162	125	106.848	939.3465385	0.704	0.1902038162	0.529860302	1	230	204	69.24019429	957.6698194	41.76956522	83.79411765	0.8676300049	0.3692452031	0.009896613482	0.06174104419	0.02831830455	0.0137219189	0.7539521238	0.00537615428	0.02983202684	0.0123864013	0.005377179338	0.3162734413	0.6869465242	0.2759632666	0.1806834807	0.09328193644	132	217	30	7	7	48	363	71
163	118	107.1779661	945.5633796	0.686440678	0.1880591454	0.547881499	1	223	206	67.43235312	965.931234	44.70403587	81.11165049	0.8687820435	0.3715881815	0.009314484987	0.06120699731	0.02562125609	0.0136777371	0.758961568	0.004990070993	0.03012791594	0.01190032212	0.005433297094	0.3191365753	0.6907652953	0.2782168819	0.1780167482	0.09337129957	124	221	29	7	7	48	362	67
164	123	106.3577236	957.0305021	0.6829268293	0.1892751365	0.5439793528	1	227	204	68.0211012	974.4377557	46.11013216	80.94607843	0.8724021912	0.3748798185	0.009674011049	0.06026425429	0.02606893732	0.01380119542	0.7625937931	0.00521338182	0.02991365545	0.01225311761	0.005493325171	0.3220063384	0.6939477543	0.2806359198	0.1784544369	0.0942438987	128	218	30	7	7	48	365	66
165	122	107.8278689	944.9472784	0.6803278689	0.1971939703	0.5274951025	1	220	211	61.64202445	965.7951473	43.74090909	83	0.8572425842	0.3694743988	0.01054197805	0.06189003597	0.02586783946	0.01480268092	0.7441400498	0.005366798967	0.03030691131	0.01174959741	0.006194240623	0.3158568505	0.671757459	0.274177457	0.1854851252	0.09529694188	130	217	29	8	8	47	368	63
166	123	109.0162602	951.9242392	0.6991869919	0.1968429413	0.5486926096	1	215	216	62.28534375	973.859272	43.51627907	82.49074074	0.8619651794	0.3726413471	0.010507318	0.06256684029	0.02466084334	0.01630910669	0.7479210711	0.005379494754	0.03044383603	0.01123808902	0.006900888217	0.318679039	0.67613369	0.2767348577	0.1858314895	0.09590648935	131	216	28	9	9	47	368	63
167	121	110.5454545	917.8112276	0.7024793388	0.2037980189	0.5270418297	1	212	220	63.54840798	941.1766995	43.19339623	81.63636364	0.8437728882	0.3612755043	0.01105361464	0.06379966543	0.02656837368	0.01639464607	0.7259565884	0.00548558471	0.02990751236	0.01218807799	0.006979724731	0.3067146045	0.6497828298	0.2645320766	0.1939900584	0.09674342768	134	212	31	9	9	46	369	63
168	133	109.2180451	931.1782965	0.7218045113	0.2071712231	0.5290617445	1	202	230	60.41871639	953.6398472	41.3019802	82.42173913	0.8474464417	0.364642157	0.01077597649	0.06231801612	0.02855286942	0.01712787438	0.7286717052	0.00540245125	0.02960719896	0.01247786501	0.007701127905	0.3094535139	0.6529300828	0.2671317539	0.1945163589	0.09751040307	130	213	33	10	10	46	369	63
169	138	108.8695652	940.9568684	0.731884058	0.207973843	0.5142756346	1	207	224	61.42652362	961.8632963	40.27536232	86.02232143	0.8513908386	0.3679803428	0.01049738652	0.0612385752	0.03021435697	0.01702918773	0.7324113322	0.005345424136	0.02941089255	0.01321877148	0.00779255455	0.3122127	0.6565032739	0.2695224313	0.1948875647	0.09845791143	128	212	35	10	10	46	371	60
170	134	108.9626866	948.1268649	0.7313432836	0.2071440629	0.5263557373	1	196	238	60.63856285	972.2526619	44.99489796	80.18487395	0.8557472229	0.3714433534	0.01092474431	0.0608027384	0.02966010187	0.01893259995	0.7354270384	0.005438457134	0.0294065531	0.01309195189	0.008523201798	0.3149831895	0.6602064512	0.2720332549	0.1955407717	0.09941009851	130	212	35	11	11	46	373	61
171	130	110.5538462	940.250787	0.7307692308	0.2041425012	0.5153809923	1	192	236	65.67245836	964.1952445	46.953125	80.28813559	0.8588027954	0.3704102561	0.01066407556	0.06055723775	0.03107799488	0.01911513316	0.7373883541	0.005250673541	0.02920438472	0.01330636833	0.008619721808	0.3140291077	0.6625785997	0.2707640541	0.1962241957	0.09964620199	126	210	36	11	11	45	369	59
172	133	109.7593985	946.7832969	0.7368421053	0.2023686471	0.5103383857	1	197	233	69.34443098	969.0332883	45.89847716	81.07296137	0.8627891541	0.3734880923	0.01112424241	0.06070100172	0.03041404944	0.01915545538	0.7413944051	0.005546511554	0.02926239134	0.0132054043	0.008712693862	0.3167610912	0.6667654466	0.2731496308	0.1960237075	0.1003384614	131	208	35	11	11	45	370	60
173	128	113.546875	956.9894017	0.734375	0.206533148	0.4960723788	1	202	226	60.00019281	979.4720002	42.62376238	85.11946903	0.8655509949	0.373899782	0.01068305523	0.05910629098	0.03286627638	0.01701640209	0.7458789702	0.005425421571	0.02885804734	0.01398365634	0.007830320718	0.317802336	0.6706477627	0.2746152362	0.1949032322	0.09928454579	131	206	37	10	10	44	368	60
174	134	113.5447761	928.0835792	0.7537313433	0.2170875253	0.5071572385	1	193	234	58.06212025	950.3849209	41.54404145	84.31196581	0.8414421082	0.3627326815	0.01158506348	0.06159601343	0.03343048077	0.01518852954	0.7196420209	0.005448228264	0.02892392887	0.01419162444	0.006752205381	0.3074166946	0.6407994091	0.2629224692	0.200642699	0.09981021231	131	206	37	9	9	44	366	61
175	136	112.0220588	930.7031372	0.7573529412	0.212195862	0.5014577259	1	186	238	62.18935431	952.9545572	42.80107527	83.50420168	0.8454399109	0.3651522674	0.01102497747	0.06322810894	0.03378969701	0.01319955827	0.7241975692	0.00528551247	0.02923357444	0.01439594767	0.006139588743	0.3100976441	0.6447984171	0.2651247878	0.2006414938	0.1000274795	128	207	37	8	8	44	365	59
176	132	114.6136364	939.4748611	0.7575757576	0.2145672656	0.5043484251	1	188	234	57.41207664	962.3807736	42.29255319	84.74786325	0.8486022949	0.3668390668	0.01115601344	0.06232152706	0.03321670381	0.01279590451	0.7291121461	0.005367827734	0.02899597044	0.01424564728	0.005440346296	0.312789275	0.6485471564	0.2668355661	0.2000551385	0.1000035006	129	205	37	7	7	44	364	58
177	126	116.5555556	942.7209791	0.753968254	0.2112779427	0.507624548	1	189	234	62.65992328	966.6371648	45.16402116	82.8034188	0.8526992798	0.3702797838	0.01105868939	0.06184058299	0.03430633079	0.01317071843	0.7323229582	0.005268677025	0.02929852816	0.01469398537	0.005520545949	0.3154980473	0.6517580623	0.2693347566	0.2009412175	0.1009450273	126	208	38	7	7	44	366	57
178	130	115.1769231	944.3950475	0.7615384615	0.2061611184	0.4768953826	1	195	235	71.81899152	967.9433716	44.48717949	83.62978723	0.8567733765	0.3740470729	0.01085328838	0.06080826967	0.03682275149	0.01323987562	0.7350491913	0.005269241106	0.02897169834	0.01598636423	0.005600983256	0.318218786	0.6549426383	0.2719197891	0.2018307381	0.1021272838	128	209	42	7	7	44	371	59
179	128	117.1328125	944.6546091	0.7578125	0.2133950201	0.4888797158	1	201	229	66.28654306	967.3824228	44.70646766	83.74672489	0.8583641052	0.3718481538	0.01049714598	0.06178392735	0.03660377713	0.01336194532	0.7361173094	0.005115423199	0.02946435597	0.01578823804	0.005681318169	0.3157988184	0.6557921493	0.2690333496	0.202571956	0.1028148042	126	213	41	7	7	43	370	60
180	127	117.0393701	947.7886544	0.7559055118	0.2089207384	0.4968425594	1	214	222	73.82163454	969.2624321	45.18224299	84.70720721	0.8631896973	0.3752461928	0.01096098178	0.06253452872	0.03649580004	0.01348655671	0.73971183	0.005419972544	0.029876027	0.01571571944	0.005762031352	0.3184724424	0.6603401721	0.2715559355	0.2028495252	0.1036902573	133	213	40	7	7	43	374	62
181	133	116.9774436	965.0266491	0.7593984962	0.2156006742	0.4896217106	1	207	231	66.02006583	986.5752706	44.74396135	84.56709957	0.8667869568	0.3786752998	0.01056497026	0.06225741672	0.03781956905	0.01361977773	0.742525223	0.005382461152	0.03008205322	0.01620797329	0.005841782333	0.3211610298	0.6630343141	0.2739618949	0.2037526427	0.1047134049	134	213	41	7	7	43	377	61
182	129	118.6511628	965.0382663	0.7519379845	0.2085436049	0.488482067	1	220	218	76.7894922	984.8498276	45.59090909	87.53669725	0.8699836731	0.3819428457	0.01035661238	0.06215710831	0.03864998848	0.01378596718	0.7450339967	0.005323981004	0.03011508844	0.01670872568	0.005919366651	0.3238756839	0.6652577626	0.2763452562	0.2047259105	0.1055975894	134	212	42	7	7	43	377	61
183	128	117.0625	973.9143778	0.75	0.208660661	0.4810891302	1	225	214	78.35382157	992.8826041	46.85333333	87.1588785	0.8738479614	0.3854107081	0.01071800029	0.06027934453	0.04091537612	0.01382054743	0.7481146931	0.005438433865	0.02960616591	0.01776099718	0.005995200352	0.3266099108	0.6688208174	0.2789993507	0.2050271441	0.1064113575	135	209	45	7	7	43	377	62
184	133	117.0676692	951.6878004	0.7669172932	0.2131185019	0.492104701	1	230	208	71.66177423	968.1841081	44.53478261	89.73557692	0.8732757568	0.3741227176	0.01136482676	0.06106463393	0.041239503	0.01388429328	0.7457224999	0.005741046265	0.02932666401	0.01798077765	0.006070733298	0.3150034964	0.6704173985	0.2712858413	0.2028583583	0.1028368763	139	206	45	7	7	41	377	61
185	134	120.1268657	962.7844736	0.7611940299	0.2150683784	0.479313503	1	232	211	71.13587251	979.1150391	42.46982759	91.85781991	0.8766593933	0.3778947233	0.01106651716	0.06269552519	0.03930443396	0.01625615225	0.7473367648	0.005789367521	0.03014206781	0.01761762184	0.006775640206	0.3175700259	0.6726378294	0.273848598	0.2040215639	0.1040461253	139	211	44	8	8	41	380	63
186	134	120.141791	965.2239327	0.7611940299	0.2103593873	0.4998290873	1	237	208	77.94561488	981.3712628	43.96202532	90.75961538	0.8806037903	0.3811843756	0.01046430898	0.06143638706	0.04117876191	0.01723686032	0.750287472	0.005629729645	0.02984857441	0.01805031799	0.007532263146	0.3201234904	0.6759378176	0.2763730062	0.2046659727	0.1048113694	138	211	46	9	9	41	380	65
187	138	118.8623188	974.8333735	0.768115942	0.2115006138	0.4977515024	1	236	210	77.32653197	990.7342622	43.05932203	92.55238095	0.8843383789	0.3843552047	0.01051383739	0.0602649008	0.04213343162	0.01819661818	0.7532295909	0.005634089462	0.0298628162	0.01790304254	0.008287444919	0.3226678115	0.679013826	0.2786965298	0.2053245529	0.1056586749	139	210	46	10	10	41	383	63
188	142	119.028169	994.0553614	0.7676056338	0.2197786155	0.5325058628	1	234	215	67.19355893	1009.715863	42.46581197	92.34883721	0.8874473572	0.3875473442	0.01048343463	0.05894354357	0.04279321223	0.02006931047	0.7551578563	0.005711397483	0.02950983676	0.01804772843	0.00907857385	0.3251998077	0.681631453	0.2811071925	0.2058159041	0.1064401517	143	207	47	11	11	41	384	65
189	136	120.0367647	996.9453635	0.75	0.2150543182	0.5335666085	1	242	210	73.36827528	1013.003924	43.81404959	92.68571429	0.8900756836	0.3909778505	0.0104238099	0.0566657737	0.04549961674	0.02036709715	0.7571193861	0.005777476989	0.02910253858	0.01910656901	0.009253228714	0.3277380372	0.6843765691	0.2836144082	0.2056991145	0.1073634422	143	207	50	11	11	41	387	65
190	142	119.3028169	964.2298845	0.7676056338	0.2263328974	0.5160342501	1	244	215	73.37977427	980.4671763	42.77868852	92.46046512	0.8679771423	0.3792094994	0.01080435599	0.05914172744	0.04462775368	0.02306577608	0.7303375291	0.005813621351	0.02958503298	0.0190160477	0.01006197309	0.3147328243	0.6530744007	0.2705986371	0.2149027416	0.1086108624	146	211	50	12	12	40	391	68
191	135	119.7851852	967.3202408	0.7555555556	0.2222732978	0.5315604572	1	261	200	81.53219049	981.1754792	44.73563218	94.89	0.8716011047	0.3824428648	0.01111490563	0.05837465583	0.04615107909	0.02120176092	0.7347587033	0.005905847387	0.02952332763	0.01956619973	0.009129205081	0.318318285	0.655837956	0.2727603534	0.2157631488	0.1096825114	149	209	51	11	11	41	393	68
192	148	117.7567568	979.5523094	0.7837837838	0.2338959151	0.5116364998	1	243	217	68.09065154	994.1543433	42.13580247	93.4516129	0.8717651367	0.3822679308	0.0109264862	0.0596562118	0.04688569198	0.0208051553	0.7334915914	0.00573309299	0.03021328152	0.01984551787	0.008635359086	0.3178406794	0.6541416397	0.2722117953	0.217623497	0.1100561355	144	215	51	10	10	40	393	67
193	142	119.2746479	983.5251778	0.7816901408	0.2311328408	0.515096491	1	239	222	69.27079961	1001.801822	41.94560669	92.91891892	0.8755836487	0.3854927711	0.01131749369	0.05983354271	0.04739760889	0.02114586606	0.7358891373	0.005965741997	0.03028064684	0.02012726059	0.008819811707	0.3202993099	0.6576673673	0.2747921966	0.2179162814	0.1107005744	146	214	51	10	10	40	392	69
194	139	119.618705	986.3914714	0.7769784173	0.2270727132	0.5271057006	1	242	219	75.21682013	1004.467024	44.70247934	91.44748858	0.8792915344	0.3886304089	0.01127418026	0.06021044125	0.04775383442	0.02158564935	0.7384674291	0.005955506592	0.03052795309	0.02040883979	0.008997718858	0.3227403906	0.660424674	0.2769746666	0.2188668604	0.1116557423	146	214	51	10	10	40	393	68
195	135	123.4814815	993.9970932	0.7703703704	0.2267923116	0.5331784692	1	234	225	73.5714984	1014.358456	45.26495726	91.04	0.8826828003	0.3916314649	0.01143185806	0.0599473952	0.04830788003	0.01800214595	0.744993521	0.005990194773	0.03059956708	0.02069395221	0.008028455571	0.3263192953	0.6631450429	0.2790864334	0.2195377574	0.1125450315	146	212	51	9	9	41	393	66
196	134	125.6343284	1003.609171	0.7611940299	0.227598248	0.497986054	1	233	226	73.37137039	1022.275783	46.35622318	90.12389381	0.8847732544	0.3944478933	0.01115746713	0.05810199836	0.05006906412	0.018197472	0.7472472528	0.005875432816	0.0296702101	0.0219487628	0.008171784656	0.328781703	0.6659149486	0.281437677	0.2188583058	0.1130102163	145	209	55	9	9	41	392	67
197	137	125.9854015	1012.555932	0.7737226277	0.2288596643	0.5040840566	1	238	221	73.36793205	1031.302437	44.9789916	94.36199095	0.8878593445	0.3977075433	0.01209517406	0.05691752125	0.05138106636	0.01254129382	0.754924289	0.006310263868	0.02928948007	0.02255318122	0.006077334354	0.3334772838	0.6680375873	0.2834863867	0.2198217572	0.1142211566	150	203	56	7	7	43	393	66
198	140	124.4571429	985.2351532	0.7785714286	0.2394732429	0.5053078791	1	233	229	69.78940739	1006.397774	44.96995708	92.69432314	0.8856010437	0.3874333167	0.012427348	0.05788177912	0.05254265646	0.01266905556	0.7500802046	0.006290384049	0.02982661885	0.02288410567	0.006168821465	0.3222633867	0.6633152354	0.2719364143	0.2222858083	0.1154969024	151	206	56	7	7	42	397	65
199	131	126.1908397	981.7414032	0.7557251908	0.2303681913	0.5054487474	1	233	228	80.91671332	1003.748605	50.39055794	88.14912281	0.8888626099	0.390504931	0.01270721792	0.05783463044	0.05257770437	0.01275655571	0.7529865014	0.006463078292	0.03017760024	0.02290521602	0.006258021034	0.3247010155	0.6665228718	0.2742273008	0.222339738	0.1162776303	151	206	55	7	7	42	398	63
200	135	125.5703704	993.2221121	0.762962963	0.23330147	0.50837017	1	227	232	78.92682414	1014.165682	51.68722467	87.81896552	0.8917198181	0.3935457001	0.01167960763	0.05799852333	0.0522951598	0.01427188062	0.7554746467	0.006063791686	0.03047638662	0.02287141843	0.0069853688	0.3271487345	0.6685334277	0.2761954974	0.2231863904	0.1173502027	145	209	55	8	8	42	398	61
201	144	126.9791667	1009.554835	0.7708333333	0.2392778675	0.5005732011	1	232	228	74.48582058	1027.699991	48.14224138	93.30701754	0.8951911926	0.3968286763	0.01179098037	0.05700787636	0.05442588476	0.0144007342	0.7575657169	0.005980621212	0.03011182275	0.02405097231	0.007072390724	0.3296128693	0.6706947073	0.2784065372	0.2244964854	0.1184221392	144	208	58	8	8	42	400	60
202	136	125.9411765	1007.197361	0.7647058824	0.232646752	0.5015225079	1	243	220	80.39908559	1025.415083	50.83127572	91.80909091	0.8985023499	0.3981649412	0.01189817414	0.05737895705	0.05526152902	0.01445361715	0.7595100725	0.006067969523	0.03032777133	0.0246968886	0.007157968357	0.3299143434	0.6753316987	0.2807436672	0.2231706512	0.117421274	145	210	59	8	8	41	402	61
203	133	127.3909774	1008.445206	0.7593984962	0.2276939021	0.528906794	1	242	222	84.93028043	1028.083359	50.40082645	92.51801802	0.9000205994	0.4007928665	0.01129891434	0.05730154933	0.0516341815	0.01811241736	0.7616735368	0.005899686051	0.03055633461	0.02347376936	0.008504572015	0.3323585044	0.6768690867	0.2827830697	0.2231515127	0.1180097968	142	214	57	10	10	41	403	61
204	140	125.9214286	1024.421364	0.7714285714	0.23395094	0.5193571387	1	246	222	80.83516133	1041.719207	49.46747967	93.63513514	0.9028282166	0.4042286295	0.01188682559	0.05644290013	0.05089368023	0.0161006707	0.7675041399	0.006196390116	0.03053163253	0.0234063969	0.00815324803	0.3359409619	0.6786331615	0.2850681958	0.2241950551	0.1191604337	147	212	57	10	10	42	405	63
205	136	125.4779412	1026.730522	0.75	0.228558664	0.5349936623	1	253	220	87.41192146	1044.307375	50.44664032	92.86818182	0.9061737061	0.4075364861	0.01214164169	0.05570996872	0.05039682754	0.01770492626	0.7702203418	0.006435101053	0.03041617022	0.0233459778	0.008927617351	0.3384116196	0.6810565701	0.2875208339	0.2251171359	0.1200156522	152	211	57	11	11	42	406	67
206	131	127.9770992	1034.118538	0.7480916031	0.2292293601	0.5136216191	1	252	221	84.95594897	1054.088667	51.82936508	91.79638009	0.9075775146	0.4101975738	0.01177175864	0.05609426449	0.0467782396	0.01956983142	0.7733634205	0.006283617568	0.03062861208	0.02268035039	0.009720636955	0.3408843568	0.6836528114	0.2896634374	0.2239247032	0.1205341364	150	213	56	12	12	42	406	67
207	136	127.9705882	1042.291781	0.7647058824	0.2316947274	0.5005417497	1	256	212	85.82595339	1058.291198	50.125	96.4009434	0.9087181091	0.4120724018	0.01121259402	0.05545864429	0.04698494099	0.01744386594	0.7776180639	0.006131048423	0.03048879706	0.02292533804	0.009164150125	0.3433630681	0.6847863098	0.2910088009	0.2239317993	0.1210636009	148	211	56	11	11	42	403	65
208	143	130.0559441	1051.705796	0.7832167832	0.2371303271	0.4788422049	1	245	221	79.69806227	1068.737159	48.23265306	98.06334842	0.9067420959	0.4136673966	0.01146540929	0.05427283602	0.04740738975	0.01862244096	0.7749740199	0.006351461505	0.0293810326	0.02366951843	0.009954764031	0.34431062	0.6814006959	0.2915368716	0.2253414	0.1221305249	150	204	59	12	12	41	404	62
209	132	129.8863636	1051.49838	0.7651515152	0.2315451707	0.4894352681	1	253	214	87.37763197	1068.934141	52.46640316	95.37850467	0.9094276428	0.4165163456	0.01182439324	0.0545470966	0.04684279967	0.0188694812	0.7773438721	0.006520159095	0.02956053948	0.02355923198	0.01012612194	0.3467502931	0.6833730578	0.2935510444	0.2260545851	0.1229653012	153	203	58	12	12	41	406	61
210	138	132.0362319	1065.247623	0.7753623188	0.2361090871	0.502519049	1	247	217	81.11269725	1081.977291	50.21862348	98.83870968	0.912322998	0.418985672	0.01156718628	0.0540010257	0.04730424133	0.01901084994	0.7804396948	0.006259989085	0.02916749648	0.02406631153	0.01029257236	0.3491993025	0.6856047834	0.2953787392	0.2267182146	0.1236069328	151	201	59	12	12	41	404	60
211	142	132.1126761	1073.587448	0.7887323944	0.2372687235	0.5042896807	1	238	227	79.50951948	1091.478577	50.57142857	96.99118943	0.9149665833	0.4218394637	0.0113760045	0.05178535382	0.0485110831	0.01725601088	0.786038131	0.00637296995	0.02878901555	0.0245705473	0.009327037176	0.3527798937	0.6872762614	0.2972783297	0.2276903218	0.124561134	153	199	60	11	11	42	406	59
212	137	134.4963504	1078.939372	0.7810218978	0.2357341728	0.5103709797	1	248	218	85.18913358	1095.561086	51.80645161	98.6146789	0.9176673889	0.4253627138	0.0110649189	0.05196484954	0.04963763241	0.01737625882	0.7876237293	0.006187056603	0.02933442648	0.02511258454	0.009477339085	0.3552513071	0.6884462127	0.2994083806	0.2292211762	0.1259543331	148	204	61	11	11	42	408	58
213	133	135.1278195	1082.373786	0.7669172932	0.2318515621	0.497498732	1	254	211	88.08394623	1098.598023	52.61023622	99.25592417	0.9208068848	0.4275126217	0.01124750779	0.05097233527	0.04614718714	0.0205299639	0.7919098907	0.006257711219	0.02908542096	0.02353721092	0.01090147741	0.3577308012	0.6908466672	0.3013540103	0.2299602175	0.1261586114	149	203	58	13	13	42	408	57
214	136	134.5661765	1098.774708	0.7720588235	0.2380146875	0.5108844447	1	259	208	81.81010186	1113.801423	51.75675676	101.5096154	0.9230194092	0.4307331375	0.01125525535	0.05023892658	0.04593417391	0.0196016702	0.7959893831	0.006303057731	0.02906276862	0.02343237484	0.01057667349	0.3613582628	0.691781174	0.3035102941	0.2312382352	0.1272228434	150	203	58	13	13	43	410	57
215	130	134.7307692	1097.270754	0.7692307692	0.2326438137	0.51786596	1	278	193	88.1216254	1110.912048	52.71942446	102.6943005	0.9254646301	0.4319960591	0.01162416034	0.04975254379	0.04524232694	0.01974739837	0.7990982007	0.006521165933	0.02899982409	0.02333188114	0.01074681968	0.3623963683	0.695708169	0.3057397415	0.2297564611	0.1262563176	156	202	58	13	13	42	410	61
216	128	135.078125	1097.553491	0.765625	0.2275225906	0.5149236354	1	282	186	96.72431683	1109.228471	52.65248227	105.7043011	0.9267578125	0.4345040823	0.01147486523	0.04889351335	0.04476418921	0.01992049119	0.8017047535	0.006537428001	0.02867232292	0.02346471628	0.01091730618	0.3649123089	0.6960400561	0.307435004	0.2307177564	0.1270690783	155	200	58	13	13	42	411	57
217	123	134.5121951	1066.800042	0.7642276423	0.2301976714	0.5064142245	1	283	183	102.4551992	1079.228464	56.37102473	101.4043716	0.9179649353	0.4257671725	0.01163798666	0.05133254959	0.04671958737	0.02014204577	0.7881327659	0.006343556692	0.028899082	0.02369827131	0.01109570187	0.3557305607	0.6808709642	0.2978042453	0.2370939711	0.1279629272	152	202	58	13	13	41	409	57
218	126	135.6825397	1080.731503	0.7698412698	0.2349280928	0.4778600014	1	273	189	95.94657166	1094.41322	55.71794872	103.6878307	0.9205169678	0.4289053185	0.01163313278	0.05112275563	0.04735067023	0.01852532939	0.7918850797	0.006439455893	0.02880256503	0.02422243592	0.01015255039	0.3592883113	0.6818697689	0.2997728866	0.2386471989	0.129132432	150	199	59	12	12	42	409	53
219	128	136.1875	1086.623397	0.7734375	0.2338824746	0.5077280192	1	289	177	100.5053244	1097.240941	54.65397924	108.9774011	0.9216651917	0.4315881489	0.01096572361	0.05227427841	0.04755734888	0.01721856519	0.7936492756	0.006288515272	0.0295361155	0.0244685852	0.009531278234	0.3617636547	0.6827633985	0.3018675369	0.2389017931	0.1297206119	149	205	59	11	11	42	411	55
220	119	138.9747899	1087.076654	0.7478991597	0.2285997779	0.5067179021	1	294	170	103.7709245	1098.219511	55.67346939	109.7588235	0.9235725403	0.4331166765	0.01107667874	0.05301524264	0.04648849886	0.01739193909	0.795600181	0.006230954728	0.02988190479	0.02434763983	0.009653123564	0.3630030536	0.6852459057	0.3036646767	0.2383266346	0.1294519998	148	206	58	11	11	41	412	52
221	132	136.1893939	1060.923591	0.7727272727	0.242992447	0.5231121271	1	270	194	93.26443865	1074.723905	54.12222222	105.6134021	0.9129676819	0.4207625108	0.0109860332	0.05544731176	0.04853332185	0.01662855872	0.7813724564	0.006000304164	0.03032572141	0.02488799742	0.009090711538	0.3504577762	0.6666787647	0.2907344085	0.2462889172	0.1300281023	145	210	59	10	10	40	413	51
222	127	138.4330709	1066.37239	0.7637795276	0.2416607707	0.5171963917	1	276	189	89.74833868	1080.308639	53.8115942	106.0529101	0.9137840271	0.421546207	0.01137578889	0.05487952326	0.04811927344	0.01299997823	0.7864094633	0.006262019872	0.03024457099	0.02437086344	0.00776684883	0.3529019039	0.671499688	0.2928602197	0.2422843391	0.1286859874	149	209	58	9	9	40	412	53
223	125	138.856	1068.881588	0.768	0.2386600509	0.5089665544	1	271	198	93.07490703	1085.616855	54.04059041	102.8131313	0.914604187	0.4246612286	0.01148768849	0.05463724944	0.04825225404	0.01305666868	0.7871703264	0.00634351434	0.02988038917	0.0252464534	0.007854211682	0.35533666	0.6725724094	0.2951616276	0.2420317777	0.129499601	149	210	61	9	9	40	414	55
224	131	136.6030534	1047.274077	0.786259542	0.2415198822	0.515104533	1	261	205	85.3622975	1064.128867	52.46360153	101.5121951	0.9119949341	0.4141661749	0.01149566781	0.05570098025	0.04796528814	0.01042749208	0.7864055058	0.006185602739	0.03016603396	0.02483481448	0.006511556323	0.3464681674	0.6692711099	0.2882351733	0.2427238242	0.1259310015	147	212	60	8	8	39	410	56
225	128	137.328125	1053.322922	0.78125	0.2407676305	0.4942115825	1	255	208	85.2759057	1071.279682	54.43921569	99.99038462	0.9145431519	0.4167385954	0.01158598837	0.05415697122	0.04942795255	0.0105119898	0.7888602499	0.006301027208	0.02933837759	0.02567463167	0.006585992295	0.3488385666	0.6711978975	0.2899392387	0.2433452543	0.1267993567	149	205	62	8	8	39	410	53
226	134	134.3880597	988.2463941	0.8059701493	0.2618753352	0.4763418425	1	235	225	81.60327534	1008.204774	54.26382979	97.09333333	0.9030723572	0.3925590488	0.01142145684	0.05757223358	0.05139524141	0.01049871069	0.7721847147	0.005913871388	0.02971439887	0.02626160146	0.006659351509	0.3240098256	0.650553271	0.2647539346	0.2525190862	0.1278051142	143	208	63	8	8	38	409	51
227	133	135.6766917	992.8078596	0.8045112782	0.2600827998	0.4899597095	1	238	225	85.88252504	1012.408184	54.87394958	97.11111111	0.9062156677	0.3956045667	0.01155878439	0.05755685688	0.05148484484	0.01126536037	0.7743498212	0.005982161142	0.02973801875	0.02621581176	0.007368293231	0.3263002818	0.6519039102	0.266398466	0.2543117575	0.1292061006	145	208	63	9	9	38	412	51
228	135	134.2148148	1002.240102	0.8	0.26148628	0.4879903369	1	241	228	86.76334049	1021.73211	54.07883817	97.72368421	0.9103317261	0.399273314	0.01080701322	0.05791794783	0.05397902888	0.01134425737	0.7762834788	0.005631267945	0.02991838237	0.02767017878	0.007441448863	0.328612036	0.6540481502	0.2685272415	0.2562835759	0.1307460725	139	216	67	9	9	38	415	54
229	132	135.7272727	1004.800927	0.7954545455	0.2581633765	0.4976455868	1	237	229	89.0549178	1024.869731	55.47257384	96.05240175	0.9137115479	0.4012261235	0.01042020602	0.05576247622	0.05536042337	0.01140468306	0.7807637592	0.005609234513	0.02907619036	0.02809381322	0.007513616542	0.3309332689	0.6578263193	0.2703171021	0.2558852286	0.1309090214	140	211	68	9	9	38	413	53
230	138	141.115942	1022.058741	0.7971014493	0.2651660445	0.4929163861	1	226	237	76.81467968	1042.528222	49.07522124	101.164557	0.917011261	0.4031701304	0.01077845575	0.05336971062	0.05536368931	0.01319785864	0.7843015467	0.005701282718	0.02819564157	0.02778374894	0.008212728858	0.3332767283	0.6607545755	0.2722459611	0.2562566854	0.1309241693	142	205	68	10	10	38	409	54
231	127	141.7559055	1019.183488	0.7952755906	0.2626062769	0.4956516446	1	224	236	80.95733407	1040.992341	54.75892857	95.86016949	0.9186973572	0.4041477637	0.01053199239	0.05396423373	0.05361175134	0.01389668413	0.7866926956	0.005748721353	0.02836770739	0.02700382222	0.008931945339	0.3340955674	0.6631247625	0.2727470703	0.2555725947	0.1314006934	141	205	66	11	11	37	406	54
232	132	140.9772727	1027.866318	0.803030303	0.2636974244	0.4782563631	1	219	244	80.21270501	1050.157364	54.12785388	95.44672131	0.9216918945	0.4071857205	0.01078679433	0.05381128149	0.05397254102	0.01397094802	0.7891503297	0.006063706536	0.02831866912	0.02733103315	0.009019622231	0.3364526894	0.6647397341	0.2746824772	0.2569521605	0.1325032433	147	202	66	11	11	37	408	55
233	126	143.7936508	1030.720632	0.7936507937	0.2605999725	0.4894544017	1	230	226	85.5520834	1050.831304	54.26956522	99.31858407	0.9245262146	0.4093840667	0.01078279761	0.05405092351	0.05309456478	0.01286283167	0.793735097	0.005988142243	0.02856035675	0.02692029805	0.007965113794	0.3399501558	0.6670878114	0.2765384405	0.2574384032	0.1328456261	143	201	64	10	10	38	402	54
234	129	143.3178295	1044.340175	0.7829457364	0.2642686231	0.4893385767	1	237	218	82.44663315	1061.86884	54.48945148	102.4724771	0.9273605347	0.4122700157	0.01020023673	0.05255977103	0.05582303472	0.01292213774	0.7958553544	0.005871286176	0.02794840483	0.02809826826	0.008044487929	0.3423075685	0.6685552196	0.278302597	0.2588053151	0.1339674187	142	198	67	10	10	38	403	52
235	120	144.025	1041.345647	0.7666666667	0.2570151394	0.5031525443	1	240	215	90.64233811	1060.731085	56.75416667	100.3116279	0.9294013977	0.4147977129	0.009944178912	0.05204253888	0.05578780102	0.01299700596	0.7986298729	0.005760025102	0.02780787167	0.02844555326	0.00812100415	0.3446632587	0.6714715922	0.2803686788	0.2579298055	0.1344290341	142	198	67	10	10	38	401	54
236	127	142.511811	1054.980127	0.7795275591	0.2615303608	0.480813537	1	238	214	87.20577496	1071.937628	57.32773109	101.1915888	0.9324607849	0.4176215219	0.009564507639	0.05153206156	0.0532138185	0.01696714947	0.8011832477	0.005522249601	0.02779274012	0.02714014928	0.01011226047	0.3470541224	0.6732466181	0.2822536263	0.2592141669	0.1353678955	137	199	65	13	13	38	400	52
237	116	145.8448276	1037.749744	0.775862069	0.2602473631	0.4921474712	1	245	205	94.59692886	1056.113983	58.68571429	101.4	0.9293403625	0.4145859111	0.009505277454	0.05278817821	0.05415184051	0.01704315721	0.7958519092	0.00540260339	0.02820246222	0.0271736686	0.01020994649	0.3435972304	0.6663351251	0.2784637021	0.2630052374	0.136122209	135	201	64	13	13	37	397	53
238	119	147.3445378	1044.889633	0.781512605	0.2602554599	0.4915819751	1	242	209	94.71787381	1063.971629	58.15702479	101.8708134	0.9316902161	0.4174657219	0.009491953036	0.05293860138	0.05296259041	0.01885442243	0.7974426488	0.005355144175	0.02833837231	0.02624424525	0.01157451343	0.3459534468	0.6673151687	0.2801626575	0.2643750474	0.1373030644	135	202	62	15	15	37	398	53
239	119	148.4957983	1054.922936	0.781512605	0.2622856359	0.5059792779	1	251	201	95.77340843	1071.993417	57.47410359	105.6268657	0.9344520569	0.4207463012	0.009440100045	0.05343743066	0.0533000638	0.01898848243	0.79928598	0.005272346978	0.02889672721	0.02655819918	0.0117015325	0.3483174953	0.6684030206	0.2820853827	0.2660490363	0.1386609185	133	205	62	15	15	37	399	53
240	124	149.7983871	1066.265644	0.7903225806	0.2651642829	0.4931775135	1	249	203	87.35205152	1082.334027	54.16465863	108.2019704	0.9371948242	0.4214466461	0.009264163853	0.05157764738	0.05352588282	0.02105225103	0.8017748791	0.005277304279	0.02854126359	0.02648777677	0.01246788187	0.3486724196	0.6726255475	0.2840929381	0.2645692767	0.137353708	134	204	62	16	16	36	397	55
241	126	148.1031746	1069.694349	0.7936507937	0.2625529449	0.5079492617	1	250	200	90.73530467	1084.796274	55.14	108.08	0.9393424988	0.423569953	0.009068675137	0.05077420406	0.05193196129	0.02312277916	0.8044448791	0.005273902085	0.02796306439	0.02607232145	0.01323495466	0.3510257104	0.6747517019	0.2859995402	0.2645907969	0.1375704127	133	202	62	17	17	36	396	54
242	126	150.3968254	1072.378596	0.8015873016	0.2674061877	0.4879422722	1	243	211	85.35304824	1091.59483	52.63374486	108.4123223	0.9391136169	0.4241265677	0.009758019342	0.05126182554	0.05215800278	0.02228243205	0.8036533372	0.005601839721	0.02813186513	0.02605690065	0.01287353299	0.3514624292	0.6714199842	0.2850157058	0.2676936328	0.1391108619	137	202	62	17	17	36	400	54
243	130	152.2230769	1044.649282	0.8153846154	0.2830240712	0.4980373095	1	235	218	79.42323623	1064.177174	51.64680851	108.3577982	0.9363288879	0.4120513461	0.01004332579	0.05186548308	0.0537291867	0.02452205036	0.796168842	0.005604400392	0.02781764786	0.02631814972	0.01363718738	0.3386739607	0.6635504306	0.2717408508	0.2727784574	0.1403104952	138	199	63	18	18	35	401	52
244	134	149.880597	1052.400839	0.828358209	0.2843158445	0.4924737534	1	237	214	81.80356276	1069.220735	52.87763713	109.3598131	0.9386863708	0.4147452387	0.009776411194	0.05044521399	0.0558703399	0.02476051925	0.7978338865	0.005342582101	0.02690584173	0.02779097061	0.01379108853	0.3409147557	0.6641537783	0.2731509334	0.2745325926	0.1415943053	134	197	67	18	18	35	402	49
245	125	152.024	1055.499983	0.816	0.281728927	0.5292186255	1	247	205	86.72068231	1072.649919	56.05668016	108.5902439	0.940662384	0.4177772911	0.009878847336	0.04956387131	0.05684476405	0.02494851976	0.7994263816	0.005495025985	0.02673640204	0.02844256687	0.01394683882	0.3431564574	0.6659023761	0.2750526037	0.274760008	0.1427246874	136	195	68	18	18	35	402	50
246	122	153.7540984	1056.650667	0.8114754098	0.2778356336	0.521559887	1	252	205	91.86396256	1074.561689	55.83333333	108.1268293	0.943069458	0.4203467576	0.009969027796	0.05026794143	0.05171067525	0.02766280283	0.8034590107	0.005610522727	0.02730055903	0.02601717294	0.01488347589	0.346535027	0.6676089099	0.2769438487	0.2754605481	0.1434029088	140	198	63	20	20	36	404	53
247	134	146.3432836	992.3164018	0.828358209	0.3029912321	0.513108709	1	232	223	84.00608469	1010.738052	54.37068966	104.7533632	0.9113769531	0.3944147949	0.01037749853	0.05491075119	0.05374853982	0.02926396095	0.7630762026	0.005635057084	0.02741024316	0.02604784646	0.0143064112	0.321015237	0.6239762527	0.2509931692	0.2874007004	0.1434216257	139	199	63	19	19	35	404	51
248	136	148.0661765	1001.457401	0.8308823529	0.3047308396	0.5037889434	1	230	228	80.04147564	1022.111789	53.06521739	105.1403509	0.9117965698	0.3970733835	0.01050930673	0.05525282434	0.05245931594	0.02949527301	0.7640798498	0.005741076306	0.02775392904	0.02596222602	0.01448852239	0.3231276298	0.6254581456	0.2528287985	0.2863384242	0.144244585	141	201	62	19	19	35	404	54
249	137	148.2116788	973.8387845	0.8394160584	0.3165566185	0.4999917922	1	222	236	77.24718647	994.7027416	54.26126126	102.0338983	0.9024810791	0.3862006178	0.01088039296	0.05504941755	0.05472469196	0.02787607392	0.7539505027	0.005900685087	0.02716881923	0.02687923535	0.01375575744	0.3124961207	0.6032850324	0.2416885747	0.2991960467	0.1445120432	145	197	64	18	18	34	405	53
250	145	146.4413793	987.6311387	0.8482758621	0.3216654654	0.4892561459	1	211	246	71.03807805	1008.427011	53.1563981	101.8252033	0.9040870667	0.3889422006	0.01082420591	0.05464805024	0.05512428068	0.02797972319	0.7555108066	0.005843951499	0.02742657205	0.02723733693	0.01391680075	0.3145175393	0.6045143172	0.2433115061	0.2995727495	0.1456306944	143	198	64	18	18	34	405	52
